index	section	title	bvid	aid	cid	url
1	正片	网上都是嘴嗨，现实中谁不想来一杯哪吒仙饮！@勇哥餐饮原创	BV16MzKBUEYL	115942994481080	35559049503	https://www.bilibili.com/video/BV16MzKBUEYL/
2	正片	家是本巨大历史机遇！葱油饼帝国的崛起！ @勇哥餐饮原创	BV1HZBfBAEwQ	115938800304169	35546793032	https://www.bilibili.com/video/BV1HZBfBAEwQ/
3	正片	家是本老哥成立公司，完成A轮融资，立足历史重大机遇，打造商业帝国！目标几十上百亿！ @勇哥餐饮原创	BV1pfdBBXEVX	116419282994750	37579458039	https://www.bilibili.com/video/BV1pfdBBXEVX/
4	正片	老哥带娃被嘲笑软饭男，如今月赚2万证明自己。 三十年河东，三十年河西？@勇哥餐饮原创	BV1AiQcBuE4x	116380695333498	37395236065	https://www.bilibili.com/video/BV1AiQcBuE4x/
5	正片	宝妈迷之自信，20万在小学旁开中药奶茶三个月亏光！周围店铺都是卧龙凤雏！	BV1RKq6BcEWu	115750878578112	34860499279	https://www.bilibili.com/video/BV1RKq6BcEWu/
6	正片	大姐负债20万加盟杂牌汉堡！每天亏400还能救吗？ @勇哥餐饮原创	BV1kHZuBGE4E	116080550938833	36106013021	https://www.bilibili.com/video/BV1kHZuBGE4E/
7	正片	40万开炸鸡才20％的毛利率！每月亏6万！有卧龙周围必有凤雏  @勇哥餐饮原创	BV1GnfqB6Eq7	116119054581850	36232169389	https://www.bilibili.com/video/BV1GnfqB6Eq7/
8	正片	加盟米村被截胡！40万开杂牌拌饭天天亏钱！ @勇哥餐饮原创	BV1uJfcBvEiN	116114323410124	36216832787	https://www.bilibili.com/video/BV1uJfcBvEiN/
9	正片	因自己爱吃，13万开泡菜店！“天才选址”顾客进不来！每天亏250块  @勇哥餐饮原创	BV1inZZBTEqx	116111790050526	36206280717	https://www.bilibili.com/video/BV1inZZBTEqx/
10	正片	90万加盟杂牌拌饭，2个月全亏光！只因找不到米村官网，以此为戒。@勇哥餐饮原创	BV1TWfyBQEVW	116123282509630	25968974865	https://www.bilibili.com/video/BV1TWfyBQEVW/
11	正片	大学生贷款加盟麻辣烫，14万全部赔光！这就是对创业的执着！	BV1ghZYBWEFv	116095214158169	25966484651	https://www.bilibili.com/video/BV1ghZYBWEFv/
12	正片	在丽江30万开臭豆腐火锅！这钱亏的一点也不冤。 @勇哥餐饮原创	BV1H7f1ByEG5	116124775614233	36254124275	https://www.bilibili.com/video/BV1H7f1ByEG5/
13	正片	14万开酸奶店，每天只卖10块钱，月亏5千还能坚持一年多！ @勇哥餐饮原创	BV1mFfFBbEoK	116113048341711	36210150790	https://www.bilibili.com/video/BV1mFfFBbEoK/
14	正片	大姐50万加盟汉堡店，开业三天总部跑路，自己成了总部！@勇哥餐饮原创	BV19LZQBjEEt	116090214616948	36137406097	https://www.bilibili.com/video/BV19LZQBjEEt/
15	正片	200万开披萨自助月亏6万！已经开业4年还能坚持下去吗？ @勇哥餐饮原创	BV1PcfEBrEfL	116107662854146	36193304720	https://www.bilibili.com/video/BV1PcfEBrEfL/
16	正片	10万开菜馆日赚2元，开业三天合伙人跑路  @勇哥餐饮原创	BV11qfjBMEu3	116106236791902	36187735973	https://www.bilibili.com/video/BV11qfjBMEu3/
17	正片	15万开“山寨蜜雪”奶茶店月亏7千，勇哥建议改烧烤，老板称烧烤没前途 @勇哥餐饮原创	BV1bwZzBqEma	116100448649376	36169646761	https://www.bilibili.com/video/BV1bwZzBqEma/
18	正片	宝妈要31万开汉堡！老公劝不住？加盟费和房租已交再连线勇哥！@勇哥餐饮原创	BV1HTZvBmEyA	116096304680142	36156802494	https://www.bilibili.com/video/BV1HTZvBmEyA/
19	正片	10万开喵辣串串月亏9千！勇哥：信我让你月赚3万 （河北任丘）@勇哥餐饮原创	BV1ozZpBTEF9	116071558284915	36070623987	https://www.bilibili.com/video/BV1ozZpBTEF9/
20	正片	30万加盟杂牌奶茶和霸王蜜雪对掏！月亏1万8 @勇哥餐饮原创	BV16oZxBpEnb	116073756166395	36079206841	https://www.bilibili.com/video/BV16oZxBpEnb/
21	正片	40万开铁板烧每月房租就要2万！月亏4万5还有救吗 @勇哥餐饮原创	BV1MnfgBdE4L	116101958666008	36175023871	https://www.bilibili.com/video/BV1MnfgBdE4L/
22	正片	大姐加盟火锅亏掉60万，再砸30万开烤鱼如今月亏1万5怎么办（广东湛江） @勇哥餐饮原创	BV1SMcEzXErq	116063656216119	36040084376	https://www.bilibili.com/video/BV1SMcEzXErq/
23	正片	负债50万加盟养生火锅！连账都不会算，只知道每天亏钱是真傻还是装傻？ @勇哥餐饮原创	BV14McqziES9	116058287571631	36017668099	https://www.bilibili.com/video/BV14McqziES9/
24	正片	血亏现场：40万盲盒店三天报废，追加到70万改音乐酒馆（上海）@勇哥餐饮原创	BV1YBcjzsEei	116062498588854	36033596981	https://www.bilibili.com/video/BV1YBcjzsEei/
25	正片	教授100万开重庆火锅，一年亏30万！每月房租就要2万 @勇哥餐饮原创	BV1HacezpEeZ	116055502490685	36001812457	https://www.bilibili.com/video/BV1HacezpEeZ/
26	正片	70万加盟自助火锅月亏5万！毛利率20％！再不吃就没了！ @勇哥餐饮原创	BV17HFSzHEBG	116045385826993	35958295376	https://www.bilibili.com/video/BV17HFSzHEBG/
27	正片	宝妈负债50万开牛肋条，亲戚员工工资高不听话，还不能开除   @勇哥餐饮原创	BV1sDcvzFEzT	116056727357000	36008231667	https://www.bilibili.com/video/BV1sDcvzFEzT/
28	正片	20万接盘月房租3万的拌饭店，以为是馅饼没想到月亏1万9  @勇哥餐饮原创	BV1G6ZTBHEws	116079309357071	36100573519	https://www.bilibili.com/video/BV1G6ZTBHEws/
29	正片	大哥31万加盟杂牌奶茶，被快招忽悠瘸了月亏1万  @勇哥餐饮原创	BV1WmZABcECC	116077833030793	36094148896	https://www.bilibili.com/video/BV1WmZABcECC/
30	正片	歌手10万加盟扁食店月亏6千！位置不行努力白费（福建厦门）@勇哥餐饮原创	BV1zmZkBYEve	116085097498870	36121282093	https://www.bilibili.com/video/BV1zmZkBYEve/
31	正片	18万加盟炸鸡架以为月入过万！实际是自己亏1万@勇哥餐饮原创	BV1s8ZLBcEVR	116067934404740	36055877923	https://www.bilibili.com/video/BV1s8ZLBcEVR/
32	正片	老表60万加盟开店被小作坊收割，前面勇哥团队拦都拦不住   @勇哥餐饮原创	BV13mcTztEGE	116040184955349	35936078017	https://www.bilibili.com/video/BV13mcTztEGE/
33	正片	父母开熟食店亏30万让小伙背锅，如今又要求在读研究生的他回家开火锅店！小伙怕了 @勇哥餐饮原创	BV1oecTzKEhf	116038456838330	35925659225	https://www.bilibili.com/video/BV1oecTzKEhf/
34	正片	姨夫拉外甥35万接盘火锅店，以为75的毛利实际天天亏钱！只因姨夫是这个品牌的股东 @勇哥餐饮原创	BV1Qvccz3EGJ	116035604709456	35916876757	https://www.bilibili.com/video/BV1Qvccz3EGJ/
35	正片	80万开披萨店月亏3万！员工平均工资八九千！	BV1eAFZziE3r	116033692108329	35907045849	https://www.bilibili.com/video/BV1eAFZziE3r/
36	正片	先开烧烤亏100万！再砸30万开小火锅！把自己干成负债70万！@勇哥餐饮原创	BV1nuFszWEhq	116028860336179	35888237716	https://www.bilibili.com/video/BV1nuFszWEhq/
37	正片	工厂老板进军机器人快餐！要做到全国连锁！勇哥气到无语至极  @勇哥餐饮原创	BV1d3FnzvEyD	116027434206940	35880632816	https://www.bilibili.com/video/BV1d3FnzvEyD/
38	正片	小伙要20万开200平的烘培店！初生牛犊不怕虎！  @勇哥餐饮原创	BV1ugFvzYEkn	116018257070937	35843148550	https://www.bilibili.com/video/BV1ugFvzYEkn/
39	正片	卖烤冷面4个月赚10万！不信可线下真实。  @勇哥餐饮原创	BV1eVFrzREhq	116022870868599	35861759811	https://www.bilibili.com/video/BV1eVFrzREhq/
40	正片	包子版三国鼎立！三家包子店打擂台只为干掉对方！2块自助小菜免费吃   @勇哥餐饮原创	BV1AoFhz1Ezf	116015740554122	35829518142	https://www.bilibili.com/video/BV1AoFhz1Ezf/
41	正片	女老板砸300万开酒吧！开业50天赔光！@勇哥餐饮原创	BV1UyfoBREpE	116012032722457	35817259716	https://www.bilibili.com/video/BV1UyfoBREpE/
42	正片	宝妈10万开姨妈热饮店，暖暖女神饮2个月赔光！	BV1gbfDBkESU	116007553271332	35801271638	https://www.bilibili.com/video/BV1gbfDBkESU/
43	正片	恭喜小伙找到黄金位置，发财指日可待！15万预算要开小碗菜！ @勇哥餐饮原创	BV1M6FLz3EFh	116006781454109	35797536690	https://www.bilibili.com/video/BV1M6FLz3EFh/
44	正片	宝妈创业楷模！5千开糖水店每天仅亏67块钱！ @勇哥餐饮原创	BV1XsFVzCEJP	116005842062453	35792423008	https://www.bilibili.com/video/BV1XsFVzCEJP/
45	正片	历史重大机遇！价值200万八千幅画想要绑定咖啡一年卖出！从此隐居东南亚	BV1GvF7zpE7k	116024514969912	35871524986	https://www.bilibili.com/video/BV1GvF7zpE7k/
46	正片	画是本老哥声明自己是很惨的人，希望大家不要嘲讽  @勇哥餐饮原创	BV1CsFZzHEMX	116033390184552	35905605280	https://www.bilibili.com/video/BV1CsFZzHEMX/
47	正片	《吃麻饼考清华》百年麻饼老店没有接班人，学徒需要一年出师 @勇哥餐饮原创	BV1sHAdz4ED6	116163531049050	36415013169	https://www.bilibili.com/video/BV1sHAdz4ED6/
48	正片	姑娘33万开杂牌奶茶只为证明自己！现每天亏4百坚持不下去了 @勇哥餐饮原创	BV1Kw6xBJE1o	115993460475428	35744907950	https://www.bilibili.com/video/BV1Kw6xBJE1o/
49	正片	小伙35万开奶茶，周围4个品牌怎么打？不亏钱不正常   @勇哥餐饮原创	BV1Ap61BiESN	115989349927474	35731541799	https://www.bilibili.com/video/BV1Ap61BiESN/
50	正片	姐弟11万开令人窒息的蛋糕店！蛋糕店里没蛋糕！ （勇哥餐饮）	BV13MkxBwEJv	115915446290935	35463497398	https://www.bilibili.com/video/BV13MkxBwEJv/
51	正片	86万打水漂！女子和闺蜜合伙开店，对方一分不出，全程忽悠傻白甜   @勇哥餐饮原创	BV13kzZB7EB5	115976716681455	35680093496	https://www.bilibili.com/video/BV13kzZB7EB5/
52	正片	40万的快餐店里摆满了各种瓷器藏品！最贵连线朴树湾文化馆  @勇哥餐饮原创	BV1nw6kBWESY	115987320015539	25955278173	https://www.bilibili.com/video/BV1nw6kBWESY/
53	正片	小伙因为不想上班，拿18万开鲜切牛肉月亏1万5。 @勇哥餐饮原创	BV1tfzXBcEd6	115973042472988	35669804067	https://www.bilibili.com/video/BV1tfzXBcEd6/
54	正片	大姐选址遇到哪吒仙饮，等哪吒洗白接手店铺   @勇哥餐饮原创	BV1jt6EBEE9B	115972337961462	35666199789	https://www.bilibili.com/video/BV1jt6EBEE9B/
55	正片	没有招牌的农村路边店，月赚18000！做餐饮不是投的多赚的就多 @勇哥餐饮原创	BV1336LBaEDw	115970190346251	35655650203	https://www.bilibili.com/video/BV1336LBaEDw/
56	正片	宝妈负债20万开糯米饭日亏500，开店不足1月坚持不下去了  @勇哥餐饮原创	BV1gc6TBTELz	115964821635175	35636447404	https://www.bilibili.com/video/BV1gc6TBTELz/
57	正片	关于冤种老板花60万，给身负百万的我打造世外桃源  @勇哥餐饮原创	BV1bTzqBDEyG	115961969576329	35630089023	https://www.bilibili.com/video/BV1bTzqBDEyG/
58	正片	大叔48万开杂牌奶茶月亏1万7！又是找不到雪王官网。。。  @勇哥餐饮原创	BV1sbzaBcEev	115958916055455	35615672222	https://www.bilibili.com/video/BV1sbzaBcEev/
59	正片	50万在老蒋故居开民宿+咖啡！房东做梦都笑醒！ @勇哥餐饮原创	BV1icz8BrEpw	115958379186049	35614492018	https://www.bilibili.com/video/BV1icz8BrEpw/
60	正片	宝妈负债60万开杂牌咖啡！因为找不到瑞幸官网，被快招截胡  @勇哥餐饮原创	BV1A1zSBVEKS	115953748672795	35598175591	https://www.bilibili.com/video/BV1A1zSBVEKS/
61	正片	小伙25万杂牌奶茶日亏500块，还不如去捡垃圾@勇哥餐饮原创	BV1KHzrBoEag	115948782618379	35580807147	https://www.bilibili.com/video/BV1KHzrBoEag/
62	正片	宝妈瞒着家人40万开咖啡，因找不到瑞幸官网被快招截胡！@勇哥餐饮原创	BV1nXz7BEENF	115933481861193	35527984738	https://www.bilibili.com/video/BV1nXz7BEENF/
63	正片	北京房租60万开猪脚饭！大哥劝不住这是开定了！ @勇哥餐饮原创	BV1oqzjBzE1W	115932156468768	35521823475	https://www.bilibili.com/video/BV1oqzjBzE1W/
64	正片	倒反天罡！18万开店还欠总部钱没给！终于赢了一次！ —勇哥餐饮	BV13TrKBMEXF	115864997337041	35284125045	https://www.bilibili.com/video/BV13TrKBMEXF/
65	正片	真赚钱轮得到你！20万接盘山洞咖啡，熟人坑你系列（ 勇哥餐饮）	BV1LdkpBaEzw	115914674536617	35459829582	https://www.bilibili.com/video/BV1LdkpBaEzw/
66	正片	面馆每月只赚3千块！勇次郎：信我让你赚10倍，每个月赚3万！	BV1wnkHBqEjT	115913634349428	35455175933	https://www.bilibili.com/video/BV1wnkHBqEjT/
67	正片	老师+会计辞职80万开水盆羊肉！每天入不敷出	BV12WkTBMEUj	115903400249601	35417556451	https://www.bilibili.com/video/BV12WkTBMEUj/
68	正片	姑娘辞职铁饭碗开中药奶茶，中药+奶茶＝养生天花板  @勇哥餐饮原创	BV1tZkNBTEU4	115901923856351	35411918924	https://www.bilibili.com/video/BV1tZkNBTEU4/
69	正片	11万加盟小火锅每天挂0蛋，小伙请律师和快招公司正面硬刚  @勇哥餐饮原创	BV1hrrfB9EWp	115897779881887	35397175435	https://www.bilibili.com/video/BV1hrrfB9EWp/
70	正片	灵山寺旁卖奶茶！一半烟火一半佛，一口清甜一念禅	BV1x7r6BtEzf	115886237155674	35355823126	https://www.bilibili.com/video/BV1x7r6BtEzf/
71	正片	大叔10万给儿子开糖水店，日亏300块他们到底错在哪？ @勇哥餐饮原创	BV1h8rnBmEDU	115892058851418	35376597787	https://www.bilibili.com/video/BV1h8rnBmEDU/
72	正片	老哥160万开江湖菜月亏4万8该如何改善？需要日销8000才能保本  @勇哥餐饮原创	BV1FsrLB2EsK	115888686628869	35367683690	https://www.bilibili.com/video/BV1FsrLB2EsK/
73	正片	两口子白嫖飞机票结果被快招收割，负债13万加盟罐罐米线每天亏钱  （勇哥餐饮）	BV1MSrBBZENo	115884777540098	35350581044	https://www.bilibili.com/video/BV1MSrBBZENo/
74	正片	75块的房租能日卖4000！老板捡大漏！房东看到就完蛋了！	BV15vrVBwEVP	115868688259109	35294087224	https://www.bilibili.com/video/BV15vrVBwEVP/
75	正片	宝妈2.9万加盟中药馒头！主打健康！养生！	BV1eRBDBwEfA	115778460320842	34965491353	https://www.bilibili.com/video/BV1eRBDBwEfA/
76	正片	老哥8万加盟福鼎肉片日亏140块，这个招牌谁知道是卖什么的？	BV1R9rABMEh4	115864108074465	35279211093	https://www.bilibili.com/video/BV1R9rABMEh4/
77	正片	老哥开蛙恋日亏200块！这招牌我都不好意思进  —勇哥餐饮	BV1gciUBCEJ6	115856692479430	35252471254	https://www.bilibili.com/video/BV1gciUBCEJ6/
78	正片	北京大兴170万加盟烤肉店，总部说1年回本。这么赚钱总部为什么不自己干？  @勇哥餐饮原创	BV1b3iXBpEtb	115858319935921	35258568352	https://www.bilibili.com/video/BV1b3iXBpEtb/
79	正片	大妈瞒着儿子偷偷开店每天只卖十几块，坚守6年没有回本。如今连线儿子希望大妈把店铺关掉	BV1vVifBLEXs	115845502145197	35214984979	https://www.bilibili.com/video/BV1vVifBLEXs/
80	正片	大哥40万接盘砂锅研究所！月亏1万怎么办？  —勇哥餐饮	BV1sZqFBPEKV	115846777148594	35219835059	https://www.bilibili.com/video/BV1sZqFBPEKV/
81	正片	京爷10万接盘第四手汉堡店日亏300块！ —勇哥餐饮	BV13jisBLEXi	115841626538254	35201748542	https://www.bilibili.com/video/BV13jisBLEXi/
82	正片	90万开店月入3万亏的付不起房租！合伙人不要钱也要退股！这是有人做假账吧？ —勇哥餐饮	BV1LyipBEEmJ	115840217319872	35196309446	https://www.bilibili.com/video/BV1LyipBEEmJ/
83	正片	小伙贷款26万开奶茶，无人扶我青云志，我自贷款上西天！	BV1GfiLBREad	115836324938175	35184116901	https://www.bilibili.com/video/BV1GfiLBREad/
84	正片	杂牌奶茶要和霸王茶姬对掏！模仿霸王！干掉霸王！成立快招好割韭菜！	BV1bJieBNEjB	115828909540694	35155217660	https://www.bilibili.com/video/BV1bJieBNEjB/
85	正片	50万加盟面馆半年亏完，大姐不会算账不签合同	BV1dYijBhEt6	115835620295958	35179266671	https://www.bilibili.com/video/BV1dYijBhEt6/
86	正片	砸60万开杂牌咖啡月亏2万只为证明自己！老婆开库迪拦不住老公  @勇哥餐饮创业说	BV15BvYBuE7S	115807568790881	25936928652	https://www.bilibili.com/video/BV15BvYBuE7S/
87	正片	面馆亏了100万后再开小火锅，如今月亏2万自嗨哥还是不听劝！—勇哥餐饮避坑	BV14ViTBWE9e	115811746316610	35088367734	https://www.bilibili.com/video/BV14ViTBWE9e/
88	正片	餐饮全年踩坑合集，快招公司最严厉的父亲：勇次郎	BV1R8i5BREX7	115817635120624	25938104643	https://www.bilibili.com/video/BV1R8i5BREX7/
89	正片	心上仁祖传中药凉茶，强肾去火秘制古方！	BV18mvdBhE27	115823154825084	35134308631	https://www.bilibili.com/video/BV18mvdBhE27/
90	正片	放弃央企工作投25万卖绵绵冰！如今负债5万月亏1万5	BV1nDvmB4E9R	115800119706742	35045836653	https://www.bilibili.com/video/BV1nDvmB4E9R/
91	正片	贷款20万在收废品院子开糖水！到底行不行？	BV1JNBrByEpy	115789197741888	35004941949	https://www.bilibili.com/video/BV1JNBrByEpy/
92	正片	韭菜贷款20万梭哈36万开杂牌奶茶！	BV1gjvzBUE7r	115795002788441	35027814330	https://www.bilibili.com/video/BV1gjvzBUE7r/
93	正片	在西藏60万加盟杂牌奶茶月亏2W，茶叶+奶茶＝真•奶茶	BV1KoBhBFEih	115784667957007	34988033795	https://www.bilibili.com/video/BV1KoBhBFEih/
94	正片	女主播40万加盟汉堡不赚钱，还要被罚款！ —勇哥餐饮避坑	BV1LZBaB7EfD	115783728368292	34984562415	https://www.bilibili.com/video/BV1LZBaB7EfD/
95	正片	40万开烘培店，总部黄了自己成总部！月亏1万还能开吗？ @勇哥餐饮原创	BV1o4fpBuEn4	116128181387325	36266771815	https://www.bilibili.com/video/BV1o4fpBuEn4/
96	正片	卧龙凤雏！十几万开个厕所门奶茶店，月亏1万！隔壁是中药炸肉 @勇哥餐饮原创	BV1pNACzSEAN	116137224373824	36307209522	https://www.bilibili.com/video/BV1pNACzSEAN/
97	正片	《把房卖了》开破产三件套！每月亏6千没救了！@勇哥餐饮原创	BV1TYArzXE5b	116136083523367	36300719681	https://www.bilibili.com/video/BV1TYArzXE5b/
98	正片	宝妈负债30万开火锅酒馆，日亏2万，15天亏光！ @勇哥餐饮原创	BV1zFAUztECc	116140445534190	36317757997	https://www.bilibili.com/video/BV1zFAUztECc/
99	正片	60万开烤鱼每天亏1千+，凭运气赚的钱凭实力亏出去  @勇哥餐饮原创	BV1HqAUzAE4r	116141921928707	36326016700	https://www.bilibili.com/video/BV1HqAUzAE4r/
100	正片	见人拉屎钩子痒！负债也要开汉堡，运营主管连自己都骗，以为自己强的可怕！在老年社区卖手作汉堡 @勇哥餐饮原创	BV1UAASzLECh	116141569738845	36323856072	https://www.bilibili.com/video/BV1UAASzLECh/
101	正片	宝妈负债30万开汉堡店，月亏1万很后悔！@勇哥餐饮原创	BV18rfeBbEVn	116133952751489	36290039488	https://www.bilibili.com/video/BV18rfeBbEVn/
102	正片	花10W马币在马来西亚开中式小碗菜，月亏2万，有救吗？	BV1LgfvBzE8V	116135445923472	36296657140	https://www.bilibili.com/video/BV1LgfvBzE8V/
103	正片	20万加盟酸奶店！拿下两个区代理以为能躺赚，开业后月亏6千 @勇哥餐饮原创	BV1KGf4BKEDU	116130211433482	36275684974	https://www.bilibili.com/video/BV1KGf4BKEDU/
104	正片	贷款30万梭哈45万加盟盈乡村拌饭，月亏1万5	BV1L8BLBaEw5	115773058056637	34944847156	https://www.bilibili.com/video/BV1L8BLBaEw5/
105	正片	健身房里卖奶茶！又增又减！健身人的快乐水！	BV1DVBWBLEFS	115761884498311	34901134866	https://www.bilibili.com/video/BV1DVBWBLEFS/
106	正片	四十万开天台露营咖啡，因为自己爱喝，王多鱼看了都摇头！	BV1pxBHBbE8C	115760844243583	34896152152	https://www.bilibili.com/video/BV1pxBHBbE8C/
107	正片	大学生50万开咖啡店4个月亏光，开始要加盟瑞幸结果被人截胡	BV1i7qUBdERn	115755895097017	34878457540	https://www.bilibili.com/video/BV1i7qUBdERn/
108	正片	花50万在街边3楼上开400平米奶茶，我看不见竞争对手就没有对手！！	BV1FZqrBLEXo	115751734215878	34865154058	https://www.bilibili.com/video/BV1FZqrBLEXo/
109	正片	50万开一家麒麟燚汉堡！加盟塔斯丁被截流负债20万还抱有幻想！	BV1xhBTBfEXD	115767823632624	34925252162	https://www.bilibili.com/video/BV1xhBTBfEXD/
110	正片	500万重庆网红街的落幕，哀乐事件后一蹶不振	BV1fFB5BAEc7	115771967538332	34940128452	https://www.bilibili.com/video/BV1fFB5BAEc7/
111	正片	大姐见人赚钱眼红！要在死亡一条街9万开一家无骨鱼。明知山有虎 偏向虎山行！	BV13pvpBzEdx	115801210226730	35050163649	https://www.bilibili.com/video/BV13pvpBzEdx/
112	正片	厂二代想要证明自己创业卖茶叶！小伙：这里没有人但是有需求！！！	BV1twvbB7E9L	115806025285936	35067069533	https://www.bilibili.com/video/BV1twvbB7E9L/
113	正片	小伙15万开财神糖水馄饨铺日亏300！还要坚持下去吗？  —勇哥餐饮	BV1tnrhBvEAe	115881304790960	35338194079	https://www.bilibili.com/video/BV1tnrhBvEAe/
114	正片	负债40万加盟上海米线！平均月亏10万全部清零！ @勇哥餐饮原创	BV1X7c4zUEcF	116051660509077	35987719019	https://www.bilibili.com/video/BV1X7c4zUEcF/
115	正片	中药火锅鸡！小伙15万开店面临倒闭如何选择？	BV1ogzsBFES6	115937608992696	35540700827	https://www.bilibili.com/video/BV1ogzsBFES6/
116	正片	贷款60万砸80万开汉堡披萨店，亏光后不甘心再砸20万接着开！（经典补档）@勇哥餐饮原创	BV1hpADznEgG	116143113110195	36332964379	https://www.bilibili.com/video/BV1hpADznEgG/
117	正片	50万开烘培大楼月赚6万！南康叙事馆要成为打卡圣地？勇哥：一年随便赚个几十万！ @勇哥餐饮原创	BV1RXAtzhEpo	116146552441084	36344431057	https://www.bilibili.com/video/BV1RXAtzhEpo/
118	正片	60万开广西鲜料爆炒，月亏1万8能救吗？ @勇哥餐饮原创	BV1LoA8zqEEc	116147005489402	36346464152	https://www.bilibili.com/video/BV1LoA8zqEEc/
119	正片	50万开牛肉海鲜火锅，8个月全亏光！48岁大哥创业燃尽了  @勇哥餐饮原创	BV17XA8zgEtM	116147324256497	36349152609	https://www.bilibili.com/video/BV17XA8zgEtM/
120	正片	23万开烧烤大排档亏钱，合伙人跑路，每月亏1万多还有救吗？ @勇哥餐饮原创	BV1JdAez9EHD	116148951646628	36359245381	https://www.bilibili.com/video/BV1JdAez9EHD/
121	正片	50万开云南菌汤火锅，每月亏2万怎么办？（桂林）@勇哥餐饮原创	BV154PMzrE3n	116153112332209	36373072814	https://www.bilibili.com/video/BV154PMzrE3n/
122	正片	加盟蜜雪被拒，嫌茶百道贵，20万开杂牌奶茶后，如今月亏6千。。。@勇哥餐饮原创	BV17HPgzXEUG	116154337069125	36379496276	https://www.bilibili.com/video/BV17HPgzXEUG/
123	正片	大姐用洗脚盆卖果汁和蜜雪冰城硬刚！看一次笑一次！（补档）—勇哥餐饮	BV15n6dBUEpq	115875768370539	35319645730	https://www.bilibili.com/video/BV15n6dBUEpq/
124	正片	小伙刷爆信用卡，30万开“猴赛雷奶茶”，还把亲姐拉下水，如今月亏2万  @勇哥餐饮原创	BV1TpAZzeEgP	116164353066839	36419931062	https://www.bilibili.com/video/BV1TpAZzeEgP/
125	正片	宝妈负债十几万开“姨妈热饮”养生奶茶，24万的投入换了天天亏钱！@勇哥餐饮原创	BV1PBPPzmEWa	116168832584766	36439329357	https://www.bilibili.com/video/BV1PBPPzmEWa/
126	正片	蛋糕仙人年销180万，苦等12年0元购隔壁汉堡店！老板赚钱后表示很迷茫 @勇哥餐饮原创	BV1LAPTzuEP6	116169335965432	36441950568	https://www.bilibili.com/video/BV1LAPTzuEP6/
127	正片	河南女VS河北男，为开店闹离婚！宝妈连线勇哥，地锅鸡到底能不能干？勇次郎化身情感主播@勇哥餐饮原创	BV1U7PrzdEJd	116175224702843	36468231095	https://www.bilibili.com/video/BV1U7PrzdEJd/
128	正片	《又富一个》60万开杂牌汉堡炸鸡，总部跑路天天亏钱，绝境变商机，小伙要暴富！（广东湛江）@勇哥餐饮原创	BV1uQPNzZED5	116170174890423	36447258015	https://www.bilibili.com/video/BV1uQPNzZED5/
129	正片	自创奶茶一年亏掉60万，运气赚钱实力亏！@勇哥餐饮原创	BV13UPjzbEPD	116158699146030	36395352304	https://www.bilibili.com/video/BV13UPjzbEPD/
130	正片	80万的房子和装修，开恺啡士汉堡！每天小亏100块。 @勇哥餐饮原创	BV1J8PjzrEr9	116158900471003	36396794009	https://www.bilibili.com/video/BV1J8PjzrEr9/
131	正片	25万开椰子甜品，被品牌方和商场收割，2个月亏光洗白@勇哥餐饮原创	BV1ZZP7z3Eyz	116160024609351	36403088081	https://www.bilibili.com/video/BV1ZZP7z3Eyz/
132	正片	宝妈负债40万开韩式烤肉，三个月亏12万！选址在老年社区店员每天躺平@勇哥餐饮原创	BV1fvPzziEAb	116174469792253	36464428477	https://www.bilibili.com/video/BV1fvPzziEAb/
133	正片	夫妻要27万接盘漂亮饭，数据全听老板说，勇哥：开了最少亏50万！@勇哥餐饮原创	BV1twPyzeEXU	116175778353002	36471768120	https://www.bilibili.com/video/BV1twPyzeEXU/
134	正片	婆媳负债12万开蛋糕店，未开业就倒闭！高血压慎重观看。@勇哥餐饮原创	BV1E4PWzoEMr	116180106936515	36489528211	https://www.bilibili.com/video/BV1E4PWzoEMr/
135	正片	勇哥V S勇茶，小伙从深圳到成都，只为月赚3千！@勇哥餐饮原创	BV1mjNVz2Ecp	116195961343211	36562469544	https://www.bilibili.com/video/BV1mjNVz2Ecp/
136	正片	烹饪教师10万开甲鱼干锅，每月亏1.2万，是接着亏还是选择转出去  @勇哥餐饮原创	BV1ewPDzZEXs	116197605507345	36568696636	https://www.bilibili.com/video/BV1ewPDzZEXs/
137	正片	负债100万开火锅店，光转让费就30万！5年回本值得吗？  注：小勇创业说餐饮  你真牛啊！全部视频、封面、标题、直接盗搬。近期不下架视频，我就提交移除申请了	BV13JNMzgERB	116192706562920	36548183962	https://www.bilibili.com/video/BV13JNMzgERB/
138	正片	宝妈创业楷模，拿5万块干餐饮，只想赚个高工资（头脑清醒）@勇哥餐饮原创	BV1RxPhz6EDk	116185928631748	36515938734	https://www.bilibili.com/video/BV1RxPhz6EDk/
139	正片	馋水煮蛙花1.8万学技术，租房被房东一逼单，直接给2万定金+1万转让费！这店要是开了女朋友就拜拜！@勇哥餐饮原创	BV1SHPpz3Emi	116180492813772	36491496062	https://www.bilibili.com/video/BV1SHPpz3Emi/
140	正片	又富一个，烧烤小伙淡季月赚1万5，只因简单相信照着做，马上旺季来临，勇哥提前恭喜发财！@勇哥餐饮原创	BV1GYPkzvE5e	116176550101046	36476421553	https://www.bilibili.com/video/BV1GYPkzvE5e/
141	正片	广东东莞十年老面馆，年赚30万！大姐还想着学习赚更多@勇哥餐饮原创	BV198P9zKEBN	116199702660396	36581017669	https://www.bilibili.com/video/BV198P9zKEBN/
142	正片	巨大商业奇遇！家是本拼好蛋！拉人头送鸡蛋，餐饮界拼夕夕？@勇哥餐饮原创	BV1BgPfzsEec	116202806444660	36591176957	https://www.bilibili.com/video/BV1BgPfzsEec/
143	正片	小伙校园卖炸鸡月赚8千，来自勇哥的“认可” @勇哥餐饮原创	BV1P2wtzkEhQ	116227636724221	36696556784	https://www.bilibili.com/video/BV1P2wtzkEhQ/
144	正片	30万开彩票咖啡店！勇哥苦劝不听，已经开业 @勇哥餐饮原创	BV1tbwWzBErq	116225891962035	36687186138	https://www.bilibili.com/video/BV1tbwWzBErq/
145	正片	20万开的米线店亏钱怎么办？勇哥：一碗猪脚饭，吃出男人的浪漫！ @勇哥餐饮原创	BV1ScwnzFEAs	116221999582797	36673031332	https://www.bilibili.com/video/BV1ScwnzFEAs/
146	正片	见人赚钱钩子痒，于是60万也开串串火锅，每天亏6百，开业两个月就坚持不住了@勇哥餐饮原创	BV1KFckz7EGU	116215959847068	36648256448	https://www.bilibili.com/video/BV1KFckz7EGU/
147	正片	年赚30万的烧烤店，只需要2万转让费！大哥听信接盘后每月亏7千，才知道上当了@勇哥餐饮原创	BV1VCNFzQETk	116203930583448	36597402121	https://www.bilibili.com/video/BV1VCNFzQETk/
148	正片	鸟巢旁边卖小吃，1辆能赚十几万，大哥手里还握有多辆小吃车！@勇哥餐饮原创	BV1mVcXz7Evj	116204953930767	36602905344	https://www.bilibili.com/video/BV1mVcXz7Evj/
149	正片	找不到瑞幸官网，50万开杂牌咖啡，全部赔光@勇哥餐饮原创	BV1NDcZztEEt	116209852876464	36622501939	https://www.bilibili.com/video/BV1NDcZztEEt/
150	正片	海绵堡堡汉堡店，每月能赚3万！老板表示很累。@勇哥餐饮原创	BV1gkwFzrELX	116211044060810	36629055567	https://www.bilibili.com/video/BV1gkwFzrELX/
151	正片	20万接下80万的户外营地，做钓虾值不值？@勇哥餐饮原创	BV1udcCzZEYU	116216832264072	36653172504	https://www.bilibili.com/video/BV1udcCzZEYU/
152	正片	30万开火锅店月亏1万，本想增加收入，没想到越坚持越亏钱@勇哥餐饮原创	BV1qgcSzXEpn	116220103821091	36662217551	https://www.bilibili.com/video/BV1qgcSzXEpn/
153	正片	富二代学生28万开餐吧，每月亏2万，勇哥让马上关店，小伙不死心  @勇哥餐饮原创	BV1HPcQzvEp6	116220942617596	36666345956	https://www.bilibili.com/video/BV1HPcQzvEp6/
154	正片	先开汽车养护亏了20万，又30万开干蒸菜又赔光！还想要接着干！@勇哥餐饮原创	BV1pCc6zuEBz	116214584049811	36640720321	https://www.bilibili.com/video/BV1pCc6zuEBz/
155	正片	大学生要开米线店没钱，要姐姐的创业贷！家里已经负债60万，勇哥：当你姐真倒霉 @勇哥餐饮原创	BV1bcwXznE54	116242451139357	36756193701	https://www.bilibili.com/video/BV1bcwXznE54/
156	正片	36万开店全赔光！十年打工一场空，负债也要当老板@勇哥餐饮原创	BV1W1ckz1Ew7	116215389357722	36645046893	https://www.bilibili.com/video/BV1W1ckz1Ew7/
157	正片	大学生贷款创业，25万开自助串串，从日赚9元到月亏9千！@勇哥餐饮原创	BV1UuPqz1E6G	116171433052085	36454338261	https://www.bilibili.com/video/BV1UuPqz1E6G/
158	正片	16万开魔术主题酒吧，先到酒吧表演适应后，再来开店，感觉很靠谱啊 @勇哥餐饮原创	BV1cgPQzGEaq	116198746360021	36575513043	https://www.bilibili.com/video/BV1cgPQzGEaq/
159	正片	姑娘花10万开糖水店，0元房租还能每月亏损6千块！@勇哥餐饮原创	BV1oycozkEVV	116208426879144	36614505191	https://www.bilibili.com/video/BV1oycozkEVV/
160	正片	小伙生意不好找勇哥支招，但我亏钱也不想改！勇哥；倒闭后再找我。 @勇哥餐饮原创	BV1aowMzPEVL	116233492039478	36720675896	https://www.bilibili.com/video/BV1aowMzPEVL/
161	正片	小伙拿媳妇当挡箭牌，非要10万开奶茶店，位置远在集装箱二层，这钱是非亏不可！@勇哥餐饮原创	BV1vpwjzbEC9	116236931303195	36732275494	https://www.bilibili.com/video/BV1vpwjzbEC9/
162	正片	小伙全负债0元起手，25万开小火锅，难道只能卖房还债啦？勇次郎：小红薯大法发动！@勇哥餐饮原创	BV1SZw7zWEE1	116238374142435	36740664051	https://www.bilibili.com/video/BV1SZw7zWEE1/
163	正片	奶茶快招受害者-1，多亏前一天刷到勇哥视频！ @勇哥餐饮原创	BV1JowDzPE41	116242820107063	36757965749	https://www.bilibili.com/video/BV1JowDzPE41/
164	正片	负债23万开面馆，开业后每月亏2万，亏的连房租都掏不出来了 @勇哥餐饮原创	BV1g7w9ztEfn	116243692523125	36763141883	https://www.bilibili.com/video/BV1g7w9ztEfn/
165	正片	听信免费飞机票，夫妻飞到快招总部，35万开铁板烧每月亏2万  @勇哥餐饮原创	BV16HwRzCEtK	116244934035451	36770546605	https://www.bilibili.com/video/BV16HwRzCEtK/
166	正片	985研究生毕业困难，只能卖炸鸡！勇次郎在线摇人 @勇哥餐饮原创	BV1eiwRzPEcT	116244715931534	36768189631	https://www.bilibili.com/video/BV1eiwRzPEcT/
167	正片	二次元小登厨披萨店！对于二刺螈勇哥有点懵！@勇哥餐饮原创	BV1jJFfzyE37	116033054642060	35904162792	https://www.bilibili.com/video/BV1jJFfzyE37/
168	正片	30万开二次元餐厅，顾客全是勇哥粉丝！振兴青岛二次元！ @勇哥餐饮原创	BV1nBwkz5EUw	116254983588803	36812360651	https://www.bilibili.com/video/BV1nBwkz5EUw/
169	正片	《上班腻了要创业》老哥要30万接盘火锅店，勇次郎：媳妇赚钱你来亏！ @勇哥餐饮原创	BV1TiAFzzEZM	116265049918287	36854369725	https://www.bilibili.com/video/BV1TiAFzzEZM/
170	正片	大姐30万开烤鸡店，最后变成负债90万！有史以来被洗脑最严重的！@勇哥餐饮原创	BV1Jtw1zUEwy	116255335973256	36814718066	https://www.bilibili.com/video/BV1Jtw1zUEwy/
171	正片	45万开海鲜痛风锅！每个月亏3万，勇哥：归零@勇哥餐饮原创	BV1dgwYzrEqM	116248373363955	36782345225	https://www.bilibili.com/video/BV1dgwYzrEqM/
172	正片	大学生不想上班，40万开猴踩雷奶茶店，每月亏掉1.8万！ @勇哥餐饮原创	BV1uFwrzHE5a	116253909844364	25982607167	https://www.bilibili.com/video/BV1uFwrzHE5a/
173	正片	小伙20万开糖葫芦店，只卖4百却有四个店员！勇哥：两个月基本赔光 @勇哥餐饮原创	BV1TQwezYEHu	116249346442972	36787982146	https://www.bilibili.com/video/BV1TQwezYEHu/
174	正片	姐姐带弟弟们40万开农家乐，本想带家人致富，结果好心办坏事。  @勇哥餐饮原创	BV1DTwiz3EoE	116250671907119	36795650001	https://www.bilibili.com/video/BV1DTwiz3EoE/
175	正片	小伙街边卖鸡叉骨很务实，和女友两人共同努力，来自勇哥的认可 @勇哥餐饮原创	BV1r5wEzkETx	116238122485132	36738696638	https://www.bilibili.com/video/BV1r5wEzkETx/
176	正片	《不想上班》小红薯刷到转让坑，14万的咖啡厅能不能接盘？ @勇哥餐饮原创	BV1v7AnzGEWr	116260788505741	36837657208	https://www.bilibili.com/video/BV1v7AnzGEWr/
177	正片	60万转让费的蜜雪冰城，要10年才能回本，值不值的干？ @勇哥餐饮原创	BV1HWAJzJE2d	116261375772351	36841787299	https://www.bilibili.com/video/BV1HWAJzJE2d/
178	正片	富二代要40万开酸奶店，做好亏1百万的准备！勇哥VS少爷。 @勇哥餐饮原创	BV1B8QfBtEAi	116279310552950	36919840366	https://www.bilibili.com/video/BV1B8QfBtEAi/
179	正片	6万接盘“贫民窟厕所风”餐饮店，三哥看了都摇头。每天亏1百小伙还想要开下去 @勇哥餐饮原创	BV1dRQZBHETo	116277817378342	36911448842	https://www.bilibili.com/video/BV1dRQZBHETo/
180	正片	混子没文化真可怕！10万开避风塘奶茶，赚钱的店却给了别人。 @勇哥餐饮原创	BV1KfAgzeEN7	116271458815768	36882940462	https://www.bilibili.com/video/BV1KfAgzeEN7/
181	正片	沪爷300万开茶馆，每年房租就要46万！回本遥遥无期。 @勇哥餐饮原创	BV1emAAzZEXy	116267247734598	36865836380	https://www.bilibili.com/video/BV1emAAzZEXy/
182	正片	一年卖1千万的烧烤店，老板要2百万开分店，勇次郎拦着不让开。 @勇哥餐饮原创	BV154AwzWEM8	116266257877702	36860133803	https://www.bilibili.com/video/BV154AwzWEM8/
183	正片	面馆生意整条街最差，要花35万换位置！拉不下屎坏茅房。 @勇哥餐饮原创	BV1z4AMzmEzj	116270703906639	36878943440	https://www.bilibili.com/video/BV1z4AMzmEzj/
184	正片	60万开啤酒交易所，没开始就亏掉20万  @勇哥餐饮原创	BV1mYAuzaE54	116272129904173	36886874934	https://www.bilibili.com/video/BV1mYAuzaE54/
185	正片	小伙听姐夫的，负债加盟千层蛋糕，勇哥苦劝犟小伙。 @勇哥餐饮原创	BV1Q8A3zGEMu	116273270752746	36893493350	https://www.bilibili.com/video/BV1Q8A3zGEMu/
186	正片	开局两个桶，最低成本“建店”，三天就回本！小伙风险意识有史以来排第一。 @勇哥餐饮原创	BV1YKQ6BwE3J	116284947695866	36949591192	https://www.bilibili.com/video/BV1YKQ6BwE3J/
187	正片	80万转让费的蜜雪冰城，每月能赚3万多！真赚钱能轮到你！	BV1grQ1BCEz3	116287648893764	36960011872	https://www.bilibili.com/video/BV1grQ1BCEz3/
188	正片	负债2百万，再砸1百万开1600平火锅店＝负债300万！ 开业后天天亏钱还有救吗？@勇哥餐饮原创	BV1ruQzB3EuX	116283353990462	36938845405	https://www.bilibili.com/video/BV1ruQzB3EuX/
189	正片	小伙啥都不懂，拉着父母就要开麻辣烫，太想创业了！勇哥：开了必亏 @勇哥餐饮原创	BV1YnQUB9Esp	116290467400221	36978101749	https://www.bilibili.com/video/BV1YnQUB9Esp/
190	正片	“勇哥大厦准备上市”巨大历史机遇！老哥租下一栋楼要开披萨  @勇哥餐饮	BV1YpXpBnEm9	116294292604539	36991995200	https://www.bilibili.com/video/BV1YpXpBnEm9/
191	正片	三孩妈妈被抖音奶茶加盟吸引，勇哥让她把手机换成老年机，20万差点就打了水漂。（视频补档） @勇哥餐饮原创	BV1NNXSBUEdD	116311841770706	37070963842	https://www.bilibili.com/video/BV1NNXSBUEdD/
192	正片	“老兵寿司”租位置需要自购集装箱，管理方主打一个“白嫖”，还不允许转让！@勇哥餐饮原创	BV1TiSfBqE8K	116357458886751	37288413995	https://www.bilibili.com/video/BV1TiSfBqE8K/
193	正片	冤种花18万接下易守难攻的店铺，月亏8千的螺蛳粉店还坚持的住吗？ @勇哥餐饮原创	BV1LCDeBUEpK	116363045634733	37313120313	https://www.bilibili.com/video/BV1LCDeBUEpK/
194	正片	砸30万加盟甜品店，每天却只赚30块！总部也跑路失联了。十年打工一场空  @勇哥餐饮原创	BV1VQXjBTERx	116306774853308	37048615687	https://www.bilibili.com/video/BV1VQXjBTERx/
195	正片	老哥开猪脚饭月赚近10W！又50W开分店，没想到这次翻车。@勇哥餐饮原创	BV1sKXPBJE5h	116300181407001	37017620463	https://www.bilibili.com/video/BV1sKXPBJE5h/
196	正片	小伙亏钱亏傻了！还要全负债25万开奶茶，位置选在倒闭商圈。宣称没有钱更要创业！@勇哥餐饮原创	BV129XHBgEfS	116294678480965	36994548404	https://www.bilibili.com/video/BV129XHBgEfS/
197	正片	亲戚合伙30万开烤鱼店，2斤烤鱼2百块！小伙说别人的烤鱼没有我的好吃。@勇哥餐饮原创	BV1iVXnBUEKe	116293554407050	36988127440	https://www.bilibili.com/video/BV1iVXnBUEKe/
198	正片	店铺闲置6年舍不得出租，电竞小伙要跨行餐饮 @勇哥餐饮原创	BV16gXoB4E7h	116315985544479	37086562467	https://www.bilibili.com/video/BV16gXoB4E7h/
199	正片	15万加盟米线，还没开业就要倒闭！开店前不信任勇哥，这钱亏的一点也不冤。@勇哥餐饮原创	BV1e3XDBYETC	116311388785711	37068081087	https://www.bilibili.com/video/BV1e3XDBYETC/
200	正片	成都首家甜品自助，月营业额10W+。本来有多家分店  @勇哥餐饮原创	BV15mX5BwEFQ	116305986323841	37043504971	https://www.bilibili.com/video/BV15mX5BwEFQ/
201	正片	15万加盟糖水，月亏6千也要坚持开满5年，只为拿回总部的押金！另外15万开的奶茶店也亏光了@勇哥餐饮原创	BV1KGXhBcEAf	116317143238780	37093575273	https://www.bilibili.com/video/BV1KGXhBcEAf/
202	正片	澳门夫妻要开茶饮，评论区都要回澳门截胡位置！不好意思，不是当地的开不鸟。@勇哥餐饮原创	BV1CgD5BzEa7	116350378837972	37252959275	https://www.bilibili.com/video/BV1CgD5BzEa7/
203	正片	花8万在村里开糖水，好朋友入股30万装修。要把这里打造成网红打卡点！@勇哥餐饮原创	BV1MyX6BFEos	116321824017189	37113695353	https://www.bilibili.com/video/BV1MyX6BFEos/
204	正片	15万盘下煎饼店，夫妻两人月赚1.9万后悔了！@勇哥餐饮原创	BV1YBXhBGEvY	116317059287903	37092984887	https://www.bilibili.com/video/BV1YBXhBGEvY/
205	正片	小伙被小红薯种草，要开漂亮酒。被勇哥一顿教育：不是集美胜似集美  @勇哥餐饮原创	BV19jXrBTEW4	116323350741539	37123392768	https://www.bilibili.com/video/BV19jXrBTEW4/
206	正片	姑娘0帧起手当市长，全负债加盟蛋糕，三个月亏光17万！ @勇哥餐饮原创	BV12EQbBWEi6	116397187269754	37474470969	https://www.bilibili.com/video/BV12EQbBWEi6/
207	正片	半年亏光100万的机器人江西小炒！老板称顾客为“羊毛党”，这钱亏的不冤。（成都） @勇哥餐饮原创	BV1Ps9uBiEzx	116339960251526	37204853266	https://www.bilibili.com/video/BV1Ps9uBiEzx/
208	正片	年销170万的蜜雪，只要15万转让费！是天上掉馅饼还是陷阱？ @勇哥餐饮原创	BV1QrDTBNETE	116345983208643	37233688640	https://www.bilibili.com/video/BV1QrDTBNETE/
209	正片	被亲戚做局接盘旺财狗肉馆！看了勇哥四年视频白看了。@勇哥餐饮原创	BV1LXD7BBESe	116369421043374	37342217112	https://www.bilibili.com/video/BV1LXD7BBESe/
210	正片	30万开杂牌奶茶，被蜜雪古茗包围，开业半年全部赔光！  @勇哥餐饮原创	BV1YUddBpEsa	116429382749172	37629461072	https://www.bilibili.com/video/BV1YUddBpEsa/
211	正片	投50万开菌子火锅，毛利率只有30％！每天亏掉1000块！老板还想改成烤鸡，勇哥建议改烤鸡屁股～  @勇哥餐饮原创	BV1Z3d8BQEgR	116411900888098	37541121945	https://www.bilibili.com/video/BV1Z3d8BQEgR/
212	正片	看人赚钱钩子痒！要60万加盟烤肉，击碎小伙创业梦 @勇哥餐饮原创	BV1cSDYBdEr9	116361418311235	37303485376	https://www.bilibili.com/video/BV1cSDYBdEr9/
213	正片	女友闹分手+全家反对，大哥要接手亏钱奶茶店！机智外甥女紧急连线勇哥，拯救被蒙蔽双眼的舅舅 @勇哥餐饮原创	BV1Pm9gBzEBk	116341403027312	37210686805	https://www.bilibili.com/video/BV1Pm9gBzEBk/
214	正片	舅舅中了美人计要接盘奶茶店后续，和勇哥下麦后又去找老板娘了！根本靠不住啊！	BV1edSRBTEHt	116355579774786	37277404927	https://www.bilibili.com/video/BV1edSRBTEHt/
215	正片	以为是个青铜，为了选址守了1年，把8万转让费磨到2万！没想到是个高手。 @勇哥餐饮原创	BV1EoSSBwEfZ	116352677380145	37265670861	https://www.bilibili.com/video/BV1EoSSBwEfZ/
216	正片	50万开防空洞火锅，每月亏近4万！没有停车位还有救吗？ @勇哥餐饮原创	BV14aDMBcEdq	116345429559867	37231856608	https://www.bilibili.com/video/BV14aDMBcEdq/
217	正片	大韭菜要140万加盟烤肉，连麦中总部发力不连了！ 勇次郎：开了就亏200万！ @勇哥餐饮原创	BV19BDrBNERB	116367038614420	37327340389	https://www.bilibili.com/video/BV19BDrBNERB/
218	正片	50万开糖水粉面店，光装修就35万！需要日销4800才能保本！这位置有点悬 @勇哥餐饮原创	BV1y3DjB2Edq	116368313679935	37334288246	https://www.bilibili.com/video/BV1y3DjB2Edq/
219	正片	在东莞80万开西餐自助，每月亏掉6万6！ 还有救吗？ @勇哥餐饮原创	BV1XKDpB5E6o	116372759643282	37354867487	https://www.bilibili.com/video/BV1XKDpB5E6o/
220	正片	40万开“猴踩雷奶茶”，每月亏13万！三个月洗白白！ @勇哥餐饮原创	BV1V4DWBSEhn	116374017935919	37362532521	https://www.bilibili.com/video/BV1V4DWBSEhn/
221	正片	砸100万在荒山野岭盖房，还要花70万装修开土菜馆， 人才中的人才！ @勇哥餐饮原创	BV1Q3DsBUE3i	116373598506154	37359586176	https://www.bilibili.com/video/BV1Q3DsBUE3i/
222	正片	单亲妈妈负债10万开糖水店，每天却只赚50块。勇哥退费399  @勇哥餐饮原创	BV128QcBGE5W	116380493940540	37394189444	https://www.bilibili.com/video/BV128QcBGE5W/
223	正片	宝妈寿司的发财梦，听信总部保证赚钱。还想做成家族企业！勇次郎：两口子一对卧龙凤雏。@勇哥餐饮原创	BV1WXQFBBEKs	116379017612403	37384818465	https://www.bilibili.com/video/BV1WXQFBBEKs/
224	正片	忍受不了前老板的压榨，社恐姑娘要开蛋糕店。前老板以前很好，现在初心变了。 @勇哥餐饮原创	BV1EeQ7ByEKT	116406649687176	37517329695	https://www.bilibili.com/video/BV1EeQ7ByEKT/
225	正片	小红薯刷出来的噩梦！县城砸60万开三明治外卖店，网友都不看好，连线勇哥要打脸网友自己没有错。 @勇哥餐饮原创	BV1QfDSBXEuT	116389738185914	37437768312	https://www.bilibili.com/video/BV1QfDSBXEuT/
226	正片	报喜鸟来啦！麻辣烫店月赚3W+，老板发财开分店！ @勇哥餐饮原创	BV1cRoQBoEH5	116464799580295	37815191086	https://www.bilibili.com/video/BV1cRoQBoEH5/
227	正片	亏掉100万还不死心？成都大姐超级不服气，执意再开餐饮店！ @勇哥餐饮原创	BV1ppoxBXESy	116447468716160	37718000371	https://www.bilibili.com/video/BV1ppoxBXESy/
228	正片	老板一分钱没有，要全负债18W开漂亮饭！勇哥：成都的朋友千万不要借给他，开了必亏。  @勇哥餐饮原创	BV1WNoKBYETn	116436446022381	37663345789	https://www.bilibili.com/video/BV1WNoKBYETn/
229	正片	餐饮界奇人天使哥！赔光200万+负债！只因免费给人装修只要入股。简直是餐饮界的天使投资人。@勇哥餐饮原创	BV11YQvBMELb	116401683565545	25997680233	https://www.bilibili.com/video/BV11YQvBMELb/
230	正片	20万加盟小食堂，光酱料就花5万！刚找勇哥支招总部就打来电话。 @勇哥餐饮原创	BV1L5osBuELu	116447955127496	37721474920	https://www.bilibili.com/video/BV1L5osBuELu/
231	正片	大姐成元炁派掌门，卖中药奶茶，深陷其中无法自拔！直播间已经笑疯！@勇哥餐饮原创	BV1pZDDBVEQ9	116391046808659	37445437945	https://www.bilibili.com/video/BV1pZDDBVEQ9/
232	正片	北京高端减脂餐外卖，想吃先交1千会员费！勇哥：你的逻辑无懈可击，但是不妨碍一个月就倒闭。  @勇哥餐饮原创	BV1xjdhBMEWH	116413276621844	37549115376	https://www.bilibili.com/video/BV1xjdhBMEWH/
233	正片	云南神人加盟山东米线，3个月亏光20万！十年打工一场空，没有认知真可怕。 @勇哥餐饮原创	BV1KtoaBCEJA	116451998500818	37741333581	https://www.bilibili.com/video/BV1KtoaBCEJA/
234	正片	脚滑的女人35万搞营地，勇哥打碎美女创业梦！5万定金还能退吗？ （广东）@勇哥餐饮原创	BV1WeoCBMEuW	116476996487158	37908122458	https://www.bilibili.com/video/BV1WeoCBMEuW/
235	正片	烤冷面年赚40万！小伙彻底飘了，要自营奶茶和自己店铺打造三角联动。  @勇哥餐饮原创	BV13Yo6BGEPH	116474614189010	37868405992	https://www.bilibili.com/video/BV13Yo6BGEPH/
236	正片	女友夸爆铁板鸡架，小伙无脑接盘亏钱店！前老板说啥都相信。。。  @勇哥餐饮原创	BV1m1o9B6EAC	116466007475763	37822793665	https://www.bilibili.com/video/BV1m1o9B6EAC/
237	正片	豆米火锅月赚3万，房东眼红赶走自己开！老板娘立马100万买下隔壁和原房东对掏！ @勇哥餐饮原创	BV1G1o5BMENo	116458742939858	37778558080	https://www.bilibili.com/video/BV1G1o5BMENo/
238	正片	被女友表叔坑惨，30万接盘了炸肉店，现月亏1万多该怎么办？ @勇哥餐饮原创	BV1R4546zE8v	116555077649699	38256381475	https://www.bilibili.com/video/BV1R4546zE8v/
239	正片	100万开虾滑自助倒闭后，竟有冤种要接盘！明知商场没有人！明知不赚钱！这是为什么？@勇哥餐饮原创	BV1TN5b6YEqx	116556151392214	38262935534	https://www.bilibili.com/video/BV1TN5b6YEqx/
240	正片	2位冤种负债开面包店，开业6天亏光15万！—《赌徒的创业录》   @勇哥餐饮原创	BV1yq9SBUEbG	116485955519571	37932501904	https://www.bilibili.com/video/BV1yq9SBUEbG/
241	正片	韩国纯爱战士，因女友留在国内。在江苏开大力神韩国烤肉，月赚2万+。 @勇哥餐饮原创	BV1kYorBcExR	116475838922960	37875746763	https://www.bilibili.com/video/BV1kYorBcExR/
242	正片	在西安市1200万开火锅，每月亏30万！连麦史上最大连续亏损，地产老板跨界翻车。  @勇哥餐饮原创	BV1vn9QBuEaV	116487247497112	37941743606	https://www.bilibili.com/video/BV1vn9QBuEaV/
243	正片	西安1200万火锅后续，憨憨老板连麦，亏损大幅减少。勇哥：继续优化员工！@勇哥餐饮原创	BV1jKRQBkEKb	116543820202331	38211093613	https://www.bilibili.com/video/BV1jKRQBkEKb/
244	正片	韭菜姐弟100万开面包店，每月亏5万！开业三个月就要亏光洗白？ @勇哥餐饮原创	BV1yT9YBNE1y	116492834177084	37972804222	https://www.bilibili.com/video/BV1yT9YBNE1y/
245	正片	三娃夫妻全负债开奶茶店！信用卡都刷爆了，还有救吗？  @勇哥餐饮原创	BV1Fz9eBAEak	116493975029756	37980997350	https://www.bilibili.com/video/BV1Fz9eBAEak/
246	正片	25万开270平外卖店！需日销4千5才能保本，现在每天亏800块进退两难。 @勇哥餐饮原创	BV1gA9qBsE2B	116496625894004	37993513047	https://www.bilibili.com/video/BV1gA9qBsE2B/
247	正片	在蜜雪冰城隔壁卖冰酒酿，70％的毛利日亏100块。老父亲出钱，老婆算账，小舅子看店。 @勇哥餐饮原创	BV1hiRTBVEmR	116498706204650	38006950253	https://www.bilibili.com/video/BV1hiRTBVEmR/
248	正片	犟种姐认为自己很有能力，要在无人楼层开漂亮饭。勇哥直言开了必亏40万！@勇哥餐饮原创	BV1nKRGBuEhQ	116500048379917	38015336548	https://www.bilibili.com/video/BV1nKRGBuEhQ/
249	正片	史上最牛B烧烤店，谁见了都要说一声：牛B！ 在镇上最牛位置月赚2万+  @勇哥餐饮原创	BV1VqRFB8EoQ	116509728901855	38058917961	https://www.bilibili.com/video/BV1VqRFB8EoQ/
250	正片	30万加盟小火锅每天挂0蛋，开业十天亏光啦！（上海） @勇哥餐饮原创	BV1HWReBTEDX	116514057421554	38075501562	https://www.bilibili.com/video/BV1HWReBTEDX/
251	正片	感觉哥要负债在二楼开火锅，满嘴胡话不靠谱，没开业先亏1万。全程被勇哥教育！  @勇哥餐饮原创	BV1vERvBbEjh	116515332425693	38081463855	https://www.bilibili.com/video/BV1vERvBbEjh/
252	正片	职业经理要自创奶茶，和品牌奶茶硬刚！15一杯怎么打？@勇哥餐饮原创	BV1FhRiBgEzt	116516624269340	38088214233	https://www.bilibili.com/video/BV1FhRiBgEzt/
253	正片	1百多万在加拿大开素食餐厅，日赚17加币，开业5年都没有回本。@勇哥餐饮原创	BV1eBR1BxEm7	116521439332930	38107284340	https://www.bilibili.com/video/BV1eBR1BxEm7/
254	正片	10万开糖水日亏3百，就要儿子和小姨看店。上次连麦勇哥让关掉，不服气还要再开新店。 @勇哥餐饮原创	BV1BKRkBDEFu	116519661011582	38097912911	https://www.bilibili.com/video/BV1BKRkBDEFu/
255	正片	30万加盟杂牌汉堡被坑，没想到能日卖4千！小伙自己也是个“高手”。@勇哥餐饮原创	BV1hrRCB1Ea6	116520835351582	38103876687	https://www.bilibili.com/video/BV1hrRCB1Ea6/
256	正片	30万开宠物友好烤肉，没开业就原地倒闭全亏光！ @勇哥餐饮原创	BV1HnRpBzEiD	116525600082968	38122226699	https://www.bilibili.com/video/BV1HnRpBzEiD/
257	正片	犟种恼羞成怒和勇哥互喷！50万开日咖夜酒被割就是不肯承认，不听勇哥建议还说是纸上谈兵！@勇哥餐饮原创	BV1JvR4B1ETj	116526774486665	38130681575	https://www.bilibili.com/video/BV1JvR4B1ETj/
258	正片	把房子抵押60万，开浪浪山羊肉串！月亏3万老板想放弃，勇哥说还有机会。 @勇哥餐饮原创	BV12kRtBfEsa	116528183772192	38140251588	https://www.bilibili.com/video/BV12kRtBfEsa/
259	正片	应届生姑娘要开咖啡店，单亲妈妈连麦勇哥劝退：开了必亏20万！@勇哥餐饮原创	BV14pdcBQEFu	116531086230106	38149818683	https://www.bilibili.com/video/BV14pdcBQEFu/
260	正片	泪目 励志脑瘫小伙打工攒钱开店，靠自己撕开命运的枷锁，超级正能量！@勇哥餐饮原创	BV1RNdcBPEDo	116531556059022	38152309128	https://www.bilibili.com/video/BV1RNdcBPEDo/
261	正片	70万开“最好吃的火锅”！每天亏钱找神棍算命，小伙不明白最好吃的火锅为什么亏钱！ @勇哥餐饮原创	BV1dxdwBzEth	116532478937935	38158533567	https://www.bilibili.com/video/BV1dxdwBzEth/
262	正片	15万开烤牛肋条月亏2万，开业前联系了勇哥嫌麻烦就不问，如今亏钱了有不听建议。 @勇哥餐饮原创	BV1bZdcBZE6F	116533116339837	38162595985	https://www.bilibili.com/video/BV1bZdcBZE6F/
263	正片	每月赚2万的煲仔饭，要花11万转让费接盘。冤种小伙快被馅饼砸晕了！ @勇哥餐饮原创	BV1c4dMBAEau	116537461573520	38180163541	https://www.bilibili.com/video/BV1c4dMBAEau/
264	正片	负债30万开火锅店，不听建议气的勇哥扇自己：每月亏1万为什么不改？@勇哥餐饮原创	BV1uVdgBSEHK	116538099105863	38184487927	https://www.bilibili.com/video/BV1uVdgBSEHK/
265	正片	勇哥大厦培训基地马上开业， 360℃转一圈！@勇哥餐饮原创	BV1ub5C6VExk	116565764735428	38298520890	https://www.bilibili.com/video/BV1ub5C6VExk/
266	正片	姑娘30万开猫咖，每月吃1万块猫粮，每天却只有20块营业额！@勇哥餐饮原创	BV1ocdGBiEZz	116539139426113	38191826394	https://www.bilibili.com/video/BV1ocdGBiEZz/
267	正片	27万入局中药养生茶，开在瑞幸旁边，月亏1万5沦为韭菜。 @勇哥餐饮原创	BV1Qh5m6tERk	116567744578000	38310052756	https://www.bilibili.com/video/BV1Qh5m6tERk/
268	正片	姐妹15万接手砂锅店，老头又在对面开同款，还要姐妹把店便宜转给他！真是不讲武德。@勇哥餐饮原创	BV1R2RSBiEau	116542545134160	38203755202	https://www.bilibili.com/video/BV1R2RSBiEau/
269	正片	夫妻自信17万开麻辣烫，亏钱后勇哥救我！开店前不问偏要等亏了才知道痛。@勇哥餐饮原创	BV1EpRXBSEEf	116543048385678	38206311542	https://www.bilibili.com/video/BV1EpRXBSEEf/
270	正片	60万的糖水店只要16万！大姐要被馅饼砸晕了，勇哥：接了百分百亏钱。@勇哥餐饮原创	BV1duR9B7EDG	116544625444333	38216207478	https://www.bilibili.com/video/BV1duR9B7EDG/
271	正片	18万开烤肉店月赚6万，老板居然要低价转让！这是嫌弃赚钱烫手吗？@勇哥餐饮原创	BV11qRZByEyX	116548198993666	38228265679	https://www.bilibili.com/video/BV11qRZByEyX/
272	正片	房东要自创奶茶，和蜜雪古茗瑞幸PK！勇哥：开了就亏40万  @勇哥餐饮原创	BV1t65L6wEe5	116549071474607	38232657178	https://www.bilibili.com/video/BV1t65L6wEe5/
273	正片	寒酸的加盟总部每天亏钱，居然找勇哥帮忙！勇哥：你不恨我吗？@勇哥餐饮原创	BV13J5E6VEqR	116549742559674	38236130809	https://www.bilibili.com/video/BV13J5E6VEqR/
274	正片	营地亲子DIY披萨爆火！老板表示流量太大接不住。 @勇哥餐饮原创	BV1TU5J6GEoJ	116550849792750	38241569996	https://www.bilibili.com/video/BV1TU5J6GEoJ/
275	正片	在奶茶一条街投30万开杂牌奶茶！是自信还是无知？ @勇哥餐饮原创	BV1855x6fEap	116553785803075	38249627743	https://www.bilibili.com/video/BV1855x6fEap/
276	正片	商场开荒35万加盟酸奶，勇哥苦劝到脱力，典型的见人赚钱钩子痒  @勇哥餐饮原创	BV19x5s6aE3c	116554322675180	38252187575	https://www.bilibili.com/video/BV19x5s6aE3c/
277	正片	3万开鲜肉饼月入1.2万，为伺候老婆坐月子关门停业。 @勇哥餐饮原创	BV1rL5K64Efw	116559540389783	38273421132	https://www.bilibili.com/video/BV1rL5K64Efw/
278	正片	小伙的破产创业梦，小区门口卖咖啡！卖给谁？@勇哥餐饮原创	BV1RD5T6HESK	116560580579273	38278335749	https://www.bilibili.com/video/BV1RD5T6HESK/
279	正片	姑娘花3.5万当老板，螺蛳粉店月入7千，想要多赚怎么改？ @勇哥餐饮原创	BV1UL556bE21	116564959431377	38294195233	https://www.bilibili.com/video/BV1UL556bE21/
280	正片	水富姐卖广式糖水月赚6千，勇哥加油打气：可以的老板娘，相信我！ @勇哥餐饮原创	BV1AF5C6PEe9	116566352071201	38301731864	https://www.bilibili.com/video/BV1AF5C6PEe9/
281	正片	20万开养生豆腐汤，每天仅赚95，老板居然要开分店！ @勇哥餐饮原创	BV1Ga5S6vES8	116570646907702	38318836460	https://www.bilibili.com/video/BV1Ga5S6vES8/
282	正片	会计姐15万开奶茶，被快招收割不甘心，执念创业谁也拦不住！ @勇哥餐饮原创	BV1J85d6cE5E	116572978940025	38332530835	https://www.bilibili.com/video/BV1J85d6cE5E/
283	正片	借30万开面包店，1个月时间亏光光！无人扶我青云志，我自贷款上西天！@勇哥餐饮原创	BV12Z5v6nEQi	116577475235696	38348981973	https://www.bilibili.com/video/BV12Z5v6nEQi/
284	正片	15万开融合餐厅，1个月亏到哭！姑娘崩溃了。（补档）@勇哥餐饮原创	BV1Jf5B67EgS	116579454945443	38360844202	https://www.bilibili.com/video/BV1Jf5B67EgS/
285	正片	60万开糖水店，雇18个员工亏到怀疑人生！ @勇哥餐饮原创	BV1HXLg6rEYy	116583062045076	38373622347	https://www.bilibili.com/video/BV1HXLg6rEYy/
286	正片	70万开牛肉砂锅，光装修就砸进50万！ 日亏800基本没了。@勇哥餐饮原创	BV1aRL36FE6K	116584270137203	38380570202	https://www.bilibili.com/video/BV1aRL36FE6K/
287	正片	自信的宝妈投15万开面馆，妄想1天卖5千！ @勇哥餐饮原创	BV1v6LE6QE3w	116588749522387	38397936964	https://www.bilibili.com/video/BV1v6LE6QE3w/
288	正片	到底是大的自信？敢在瑞幸隔壁开杂牌咖啡！20万的投入会不会打水漂 @勇哥餐饮原创	BV1aDLn6XEEi	116589470943104	38401803241	https://www.bilibili.com/video/BV1aDLn6XEEi/
289	正片	在江西农村200万开药膳火锅，月亏10万+！又改成粤菜接着亏。 @勇哥餐饮原创	BV1J7Lc6yEza	116593447209172	38415830521	https://www.bilibili.com/video/BV1J7Lc6yEza/
290	正片	小伙为了和考公女友在一起，投6万开米线店，开业不到一个月关门大吉！@勇哥餐饮原创	BV1nYLF6yEZm	116593866575741	38417991613	https://www.bilibili.com/video/BV1nYLF6yEZm/
291	正片	宝妈看朋友赚钱眼红，18万开螺蛳粉亏到崩溃！ @勇哥餐饮原创	BV1zkLw6jEMu	116594873274138	38423496820	https://www.bilibili.com/video/BV1zkLw6jEMu/
292	正片	20万开中药奶茶！日亏500块，连亏1年还有救吗？@勇哥餐饮原创	BV1M1LA6PEQ6	116596131564224	38430638278	https://www.bilibili.com/video/BV1M1LA6PEQ6/
293	正片	姑娘开咖啡店被合伙人坑爆，设备被搬走！21平的装修居然被坑了11万！@勇哥餐饮原创	BV1sWLu6kEFU	116599134685340	38439161054	https://www.bilibili.com/video/BV1sWLu6kEFU/
294	正片	二胎宝妈要开二次元糖水，只为减轻家里负担！日销1600才能保本能开吗？ @勇哥餐饮原创	BV1bYLM62Ekh	116599688267387	38442369180	https://www.bilibili.com/video/BV1bYLM62Ekh/
295	正片	犟种为了打脸前妻，要开奶茶证明自己！气的勇哥直接退费。@勇哥餐饮原创	BV1S1Lq6cEjA	116600443243472	38447546568	https://www.bilibili.com/video/BV1S1Lq6cEjA/
296	正片	美女砸60万开烧烤酒馆，2个月全部归零！@勇哥餐饮原创	BV1D2Lz6MEHS	116601265326141	38452527146	https://www.bilibili.com/video/BV1D2Lz6MEHS/
297	正片	拉会计媳妇下水，负债开火锅店，连亏1年才想起找勇哥（开店前认识勇哥）@勇哥餐饮原创	BV1CMLy6zELj	116604637547573	38465899272	https://www.bilibili.com/video/BV1CMLy6zELj/
298	正片	前无古人后无来者，冤种花5万学包馄饨！就因为觉得好吃！ @勇哥餐饮原创	BV1jkLC6tEWS	116604922825269	38467602225	https://www.bilibili.com/video/BV1jkLC6tEWS/
299	正片	中医世家20万加盟中药奶茶，日亏23块找勇哥求助。 @勇哥餐饮原创	BV1DoL16REkc	116605862283900	38472583622	https://www.bilibili.com/video/BV1DoL16REkc/
300	正片	宝妈为了减轻家庭负担，要负债接盘杂牌奶茶。只为每月赚3千工资  @勇哥餐饮原创	BV1RXLm6KEdt	116606684367664	38477369158	https://www.bilibili.com/video/BV1RXLm6KEdt/
301	正片	加盟瑞幸太贵，转身39万开杂牌咖啡，每月亏5千勇哥救我！ @勇哥餐饮原创	BV15QLs6zE92	116610392264678	38491652844	https://www.bilibili.com/video/BV15QLs6zE92/
302	正片	15万接盘倒闭奶茶店，老板娘太轴就算亏钱也不想改品。勇哥：听我的日销2千+  @勇哥餐饮原创	BV1tgLt6PEaK	116610828339939	38494014845	https://www.bilibili.com/video/BV1tgLt6PEaK/
303	正片	助教姑娘20万开面包店，1年房租16万，开业半个月就要关门大吉！@勇哥餐饮原创	BV1aNL86LE2T	116611650423622	38498993828	https://www.bilibili.com/video/BV1aNL86LE2T/
304	正片	小伙自营咖啡店，没开业就亏10万！还以为是个王者呢，没想到屙了坨大的。@勇哥餐饮原创	BV1ERLh6fEzS	116612858643031	38506268450	https://www.bilibili.com/video/BV1ERLh6fEzS/
305	正片	30万加盟手擀面，月亏9千连亏9个月，只因看到别人生意好！ @勇哥餐饮原创	BV1L8Lv6eEb1	116616683651779	38520815941	https://www.bilibili.com/video/BV1L8Lv6eEb1/
306	正片	100万开人宠咖啡店！月亏6万坚持不住了。 @勇哥餐饮原创	BV16nGt61Ezr	116617539225371	38526519875	https://www.bilibili.com/video/BV16nGt61Ezr/
307	正片	犟种的鲜榨果汁20一杯，要和蜜雪古茗硬刚！40万预算，月租金2.3万能不能干？ @勇哥餐饮原创	BV1akG86uEmT	116618143204028	38530319570	https://www.bilibili.com/video/BV1akG86uEmT/
308	正片	冤种16万广场卖炸串，集装箱月租金1.2万！每月亏1万7  @勇哥餐饮原创	BV1GaGv6HEc9	116621683196621	38544081709	https://www.bilibili.com/video/BV1GaGv6HEc9/
309	正片	花16万进茶南网红美食街，面馆开业就亏钱怎么办？ @勇哥餐饮原创	BV1H5Gq6rEdj	116622438171323	38548277566	https://www.bilibili.com/video/BV1H5Gq6rEdj/
310	正片	砸200万开火锅店，装修就花了160万！老板娘表示根本不赚钱怎么办？@勇哥餐饮原创	BV15TGi6tEbv	116623176436641	38552733735	https://www.bilibili.com/video/BV15TGi6tEbv/
311	正片	年租金200萬开宴会厅，年销千万才能保本！勇哥：你钱多的花不完啊！@勇哥餐饮原创	BV1zcGB6gEvD	116624015362214	38557452623	https://www.bilibili.com/video/BV1zcGB6gEvD/
312	正片	勇哥老粉负债70万开湘菜馆，月亏3万还有救吗？ @勇哥餐饮原创	BV1sbGL6QEUf	116627471337076	38570820201	https://www.bilibili.com/video/BV1sbGL6QEUf/
313	正片	在北京郊区开咖啡奶茶，谁来买？没人啊！@勇哥餐饮原创	BV19LG76uEy4	116628729693819	38577373263	https://www.bilibili.com/video/BV19LG76uEy4/
314	正片	姑娘要开养生茶，勇哥：开了必亏40万！ @勇哥餐饮原创	BV1AYG46UEYc	116633091705374	38594086837	https://www.bilibili.com/video/BV1AYG46UEYc/
315	正片	投40万给女友开刨冰店，妄想打造成网红打卡点。勇哥：先结婚再开。@勇哥餐饮原创	BV1mUGE6vEdB	116629786595074	38582944415	https://www.bilibili.com/video/BV1mUGE6vEdB/
316	正片	小两口负债开蛋糕店，10万投入月亏7千。勇哥：开店靠感觉人还懒  @勇哥餐饮原创	BV1SzGx6REhs	116633611863991	38596707896	https://www.bilibili.com/video/BV1SzGx6REhs/
317	正片	160万开粥底火锅！勇哥：月亏9万全家还债你敢开吗？@勇哥餐饮原创	BV1drGo69Eae	116635708952548	38608375411	https://www.bilibili.com/video/BV1drGo69Eae/
318	正片	加盟蜜雪被快招截胡，没开业20万基本归零！ @勇哥餐饮原创	BV14GVP6ZEm6	116640020825120	38625083710	https://www.bilibili.com/video/BV14GVP6ZEm6/
319	正片	姑娘33万开烤洋芋，日亏3百靠服装店补贴。还投入百万开茶楼！@勇哥餐饮原创	BV15EVN6kEBT	116641111214098	38631440622	https://www.bilibili.com/video/BV15EVN6kEBT/
320	正片	开中药奶茶连亏2年！周围奶茶店全是冤种。@勇哥餐饮原创	BV1YAGC6VEMS	116644332439715	38641141375	https://www.bilibili.com/video/BV1YAGC6VEMS/
321	正片	负债开中药奶茶，三个月亏光26万！ @勇哥餐饮原创	BV1zRGy64E3h	116645590730351	38647695583	https://www.bilibili.com/video/BV1zRGy64E3h/
322	正片	砸320万开啤酒夜场，月亏38万！老板自嗨到劝不动。 @勇哥餐饮原创	BV13BVp6XEpT	116651546708876	38673122077	https://www.bilibili.com/video/BV13BVp6XEpT/
323	正片	西安小伙砸500万开海鲜自助，月亏15万错在哪？@勇哥餐饮原创	BV1X8G26HE8n	116646630917201	38653725424	https://www.bilibili.com/video/BV1X8G26HE8n/
324	正片	西安500万海鲜自助后续，叔叔是内鬼，再次连麦勇哥扭亏为盈！@勇哥餐饮原创	BV1j3Es6mEQC	116707079360325	38925959483	https://www.bilibili.com/video/BV1j3Es6mEQC/
325	正片	刚毕业就拉上父母，30万压宝杂牌奶茶，亏钱后彻底蔫吧了。@勇哥餐饮原创	BV1CZGD6UEFx	116650204464674	26018255555	https://www.bilibili.com/video/BV1CZGD6UEFx/
326	正片	冤种姐砸60万开臭豆腐火锅，每月亏6万怎么救？@勇哥餐饮原创	BV1QxG96MEJW	116650741400806	38668667050	https://www.bilibili.com/video/BV1QxG96MEJW/
327	正片	200万开酸汤火锅+日咖夜酒，勇哥：位置好！大有可为！ @勇哥餐饮原创	BV1EyVW6qErm	116652704272365	38679546577	https://www.bilibili.com/video/BV1EyVW6qErm/
328	正片	中介花30万自营咖啡，店长连麦优化自己！勇哥：把老板开除  @勇哥餐饮原创	BV16GV86XEKC	116655757723713	38688787114	https://www.bilibili.com/video/BV16GV86XEKC/
329	正片	校园独家奶茶店日赚13块！18万打水漂？勇哥：换蜜雪！ @勇哥餐饮原创	BV1waVh6fELh	116656764356607	38693832867	https://www.bilibili.com/video/BV1waVh6fELh/
330	正片	小伙负债加盟“广东正宗冒菜”，开业前心高气傲，开业后勇哥救我！ @勇哥餐饮原创	BV18BVa6CEKW	116658525965148	38705040706	https://www.bilibili.com/video/BV18BVa6CEKW/
331	正片	扬州14年老酒馆，凭啥能每月赚3万？ @勇哥餐饮原创	BV18ZVg6nE9s	116661092878415	38711921023	https://www.bilibili.com/video/BV18ZVg6nE9s/
332	正片	父母助力女儿开山野蛋糕店，最终亏光14万！ @勇哥餐饮原创	BV1m4VG6JEu4	116662468612015	38718737604	https://www.bilibili.com/video/BV1m4VG6JEu4/
333	正片	冤种花10万接手亏钱蛋糕店，自己累成狗，员工清闲自在的玩手机。@勇哥餐饮原创	BV1UNVV6WEf2	116663928294304	38726799145	https://www.bilibili.com/video/BV1UNVV6WEf2/
334	正片	小嫂子烧烤遇困境，5万买餐车天天亏。改了又怕同行眼红嫉妒！@勇哥餐饮原创	BV1SYVE6zE91	116667115897983	38737611684	https://www.bilibili.com/video/BV1SYVE6zE91/
335	正片	小伙被馅饼砸晕，月赚2万的店只要15万！别做梦了，有好事会轮得到你？@勇哥餐饮原创	BV1mkVn63ESa	116667854096164	38741214797	https://www.bilibili.com/video/BV1mkVn63ESa/
336	正片	泰国租房翻车，合伙创业盘伙，反转收获真爱再创业。@勇哥餐饮原创	BV1YSVJ6mEow	116668357476883	38743837385	https://www.bilibili.com/video/BV1YSVJ6mEow/
337	正片	砸60万和朋友搞餐饮，对方一分不掏！勇哥直言：大冤种！直接把钱捐了为社会做贡献。@勇哥餐饮原创	BV1hgVQ6eEdc	116669649257190	38750587918	https://www.bilibili.com/video/BV1hgVQ6eEdc/
338	正片	三孩宝妈迷之自信，花17万跳进奶茶店转让坑。@勇哥餐饮原创	BV1ceV96oEd6	116672702842036	38760678471	https://www.bilibili.com/video/BV1ceV96oEd6/
339	正片	拿母亲安葬费开烧饼店，没有退路只能赢！@勇哥餐饮原创	BV1iKVd6XEDu	116673843563324	38768019307	https://www.bilibili.com/video/BV1iKVd6XEDu/
340	正片	3个冤种砸200万开营地餐厅，每月亏9万！勇哥紧急吸氧  @勇哥餐饮原创	BV1mY5F6DEzg	116675152250653	38777327336	https://www.bilibili.com/video/BV1mY5F6DEzg/
341	正片	退伍老兵开米线，位置不行偏要干！勇哥：归零！ @勇哥餐饮原创	BV1c1Vq65ELN	116678524405860	26020223718	https://www.bilibili.com/video/BV1c1Vq65ELN/
342	正片	姑娘自创粉薄咖啡，遭遇极品房东老太太！@勇哥餐饮原创	BV1pcVq65ESR	116679010943606	38793252188	https://www.bilibili.com/video/BV1pcVq65ESR/
343	正片	负债140万开糖水+酸奶，5个月基本亏光！自己负债上西天！@勇哥餐饮原创	BV11fVB6WExH	116679866649132	38798885424	https://www.bilibili.com/video/BV11fVB6WExH/
344	正片	宝妈负债开奶茶，犟到勇哥红温破防！能坚持看完的都是勇士。@勇哥餐饮原创	BV1JVVr6QEaq	116680806107373	38805373998	https://www.bilibili.com/video/BV1JVVr6QEaq/
345	正片	负债10万开酸奶店，丈夫不作为宝妈心寒。全家背上60万负债！@勇哥餐饮原创	BV174V16bEPu	116684144773198	38817498019	https://www.bilibili.com/video/BV174V16bEPu/
346	正片	冤种花17万接盘咖啡店，前老板做梦都笑醒！ @勇哥餐饮原创	BV1NdVm67Eiz	116684664867723	38820776522	https://www.bilibili.com/video/BV1NdVm67Eiz/
347	正片	冤种花35万转让费租店，加盟蜜雪没通过！勇哥直言：转贵了，明年就变成几万！	BV16CV26iEBQ	116685520504787	38826280528	https://www.bilibili.com/video/BV16CV26iEBQ/
348	正片	前唐茶事后续，负债300万老板携手股东再战！ @勇哥餐饮原创	BV1nU7X6wEcr	116685956713161	38829424652	https://www.bilibili.com/video/BV1nU7X6wEcr/
349	正片	杀猪菜大厦！7800平面积着实震惊勇哥！（大连）@勇哥餐饮原创	BV1B37X64Ewy	116686627803112	38833622830	https://www.bilibili.com/video/BV1B37X64Ewy/
350	正片	吸氧级神人！负债开烘焙 卖1千亏1千！勇哥问东他答西。@勇哥餐饮原创	BV1XdEF6zEtD	116690201349904	38846271380	https://www.bilibili.com/video/BV1XdEF6zEtD/
351	正片	砸100万开“美发+咖啡”！勇哥直无稽之谈，异想天开！ @勇哥餐饮原创	BV1N47Z6QEqC	116689681254125	38843974470	https://www.bilibili.com/video/BV1N47Z6QEqC/
352	正片	60万开快餐店，这钱到底花哪了？开业22天就要亏光！（深圳）@勇哥餐饮原创	BV1Uk7f68E8q	116691006720017	38851053333	https://www.bilibili.com/video/BV1Uk7f68E8q/
353	正片	成都龙泉山砸1000万开民宿，每天营收1千。勇哥算账：只需1万天就能回本！@勇哥餐饮原创	BV17VEP6REMU	116692264946464	38858915998	https://www.bilibili.com/video/BV17VEP6REMU/
354	正片	京爷砸400百万开火锅，月亏损高达10万！天价加盟费创记录！（北京）@勇哥餐饮原创	BV1vf7r6REg1	116695469393419	38871109107	https://www.bilibili.com/video/BV1vf7r6REg1/
355	正片	深圳100万开海南椰子鸡，每天亏1千。到底选址翻车，还是品类选错？@勇哥餐饮原创	BV1T97663Egd	116695989684821	38873923717	https://www.bilibili.com/video/BV1T97663Egd/
356	正片	姑娘的糖水梦！左边一点点，右边茶百道。自己夹在中间月亏1万5！@勇哥餐饮原创	BV1Sh7C6QEQK	116696610245393	38877858838	https://www.bilibili.com/video/BV1Sh7C6QEQK/
357	正片	110万开烤乳鸽大楼，上菜要等40分钟！餐饮老炮踩大坑。@勇哥餐饮原创	BV1Je7y6zENf	116697868537724	38886313606	https://www.bilibili.com/video/BV1Je7y6zENf/
358	正片	找不到蜜雪官网，26万开杂牌奶茶，总部扬言吊打沪上！@勇哥餐饮原创	BV1cw7D6dEN5	116700922055327	38896732636	https://www.bilibili.com/video/BV1cw7D6dEN5/
359	正片	投2百万在景区开茶馆，每天只卖3杯茶！为日亏损1200还要坚持吗？@勇哥餐饮原创	BV1nz7U6QE5J	116701626632324	38900992764	https://www.bilibili.com/video/BV1nz7U6QE5J/
360	正片	牛肉汤月亏3万，顾客都是羊毛党！勇哥直言：不想改直接关！@勇哥餐饮原创	BV1pz7D68Ec9	116702398385429	38905646635	https://www.bilibili.com/video/BV1pz7D68Ec9/
361	正片	上海绝佳位置 80万开烧烤，月销18万保本。周边15个小区只此一家烧烤店！@勇哥餐饮原创	BV1zfEJ6uE9e	116703136581314	38910559270	https://www.bilibili.com/video/BV1zfEJ6uE9e/
362	正片	负债加盟杂牌奶茶，6天亏光30万！只因找不到蜜雪官网电话。@勇哥餐饮原创	BV1hpEs6uESq	116706693353439	38923996702	https://www.bilibili.com/video/BV1hpEs6uESq/
363	正片	男人至宝法力无边！甲鱼牛鞭煲，勇哥VS犟老板（东莞）@勇哥餐饮原创	BV1BGE469Ecx	116707901312380	38930090582	https://www.bilibili.com/video/BV1BGE469Ecx/
364	正片	宝妈负债加盟酸奶连亏一年，勇哥直言就是懒！@勇哥餐饮原创	BV1CKEb6qEnZ	116708606152435	38933956455	https://www.bilibili.com/video/BV1CKEb6qEnZ/
365	正片	姑娘校内开杂牌咖啡，2个月亏光30万！@勇哥餐饮原创	BV14ZEN6CEjN	116712330496934	38947195862	https://www.bilibili.com/video/BV14ZEN6CEjN/
366	正片	地产大佬的最后一舞！利息还了一个亿。负债千万又开火锅店！@勇哥餐饮原创	BV1dNEu6vEBW	116712766704522	38949882789	https://www.bilibili.com/video/BV1dNEu6vEBW/
367	正片	好闺蜜合伙30万开店，有人想独吞店面？@勇哥餐饮原创	BV1VeEg6vE7x	116713605564348	38954664528	https://www.bilibili.com/video/BV1VeEg6vE7x/
368	正片	200万开海鲜烤肉自助，59的价格贵不贵？勇哥看好老板娘：加油！@勇哥餐饮原创	BV1vXE363EBE	116714964518879	38963447981	https://www.bilibili.com/video/BV1vXE363EBE/
369	正片	投60万在霸王茶姬头顶开茶馆！中介连麦想干啥？@勇哥餐饮原创	BV1n8Ej6aEgU	116718571620400	38977670247	https://www.bilibili.com/video/BV1n8Ej6aEgU/
370	正片	宝妈加盟杂牌奶茶，一个月亏光50万！@勇哥餐饮原创	BV1zRE76PE6M	116719595030557	38984551745	https://www.bilibili.com/video/BV1zRE76PE6M/
371	正片	西安1000万海鲜自助，都拿勇哥当抖+，月销150万才能保本！@勇哥餐饮原创	BV1oVEm6CEzv	116720333226561	38988808403	https://www.bilibili.com/video/BV1oVEm6CEzv/
372	正片	“排毒泻药馒头”震撼登场！大姐认为潜力无限。勇哥直言：走火入魔 @勇哥餐饮原创	BV1mzEQ6GEB1	116723806111837	39001853827	https://www.bilibili.com/video/BV1mzEQ6GEB1/
373	正片	火龙果园开咖啡！农民伯伯收工后来一杯？@勇哥餐饮原创	BV1CXE963ERB	116724829520556	39008010710	https://www.bilibili.com/video/BV1CXE963ERB/
374	正片	65万开肖蘸米线，负债百万极度自信，不听劝的后果很严重！@勇哥餐饮原创	BV1xKE96CEk4	116725265794947	39010700910	https://www.bilibili.com/video/BV1xKE96CEk4/
375	正片	姐姐出资16万给弟弟开漂亮饭，不争气位置差连亏一年。@勇哥餐饮原创	BV1gFEd6xEv4	116725970372613	39014763226	https://www.bilibili.com/video/BV1gFEd6xEv4/
376	正片	神人姐为开店准备8年，勇哥打碎她的白日梦！和家是本坐一桌 @勇哥餐饮原创	BV11SEY6XE8W	116729392991498	39027215490	https://www.bilibili.com/video/BV11SEY6XE8W/
377	正片	远赴千里70万开烤肉，合伙人脚底抹油！负债开店一分没赚。@勇哥餐饮原创	BV1GkEv6TEjT	116729980258276	39030359306	https://www.bilibili.com/video/BV1GkEv6TEjT/
378	正片	负债加盟石锅菜1个月亏光，三个家庭的天塌了！	BV1oQEe63ExH	116730601080360	39034750241	https://www.bilibili.com/video/BV1oQEe63ExH/
379	正片	姑娘负债400万，瞒着家人开店！勇哥看好～恭喜你！@勇哥餐饮原创	BV1fSEi6JErU	116731389413312	39039402979	https://www.bilibili.com/video/BV1fSEi6JErU/
380	正片	犟种气炸勇哥！娃娃机亏200万，改火锅每天挂0蛋。@勇哥餐饮原创	BV1BsEy6zEXf	116735265015696	26024157093	https://www.bilibili.com/video/BV1BsEy6zEXf/
381	正片	西藏姐妹跑到成都，加盟杂牌奶茶。这次只能认亏？@勇哥餐饮原创	BV193EC6bEzi	116736070255748	39058673012	https://www.bilibili.com/video/BV193EC6bEzi/
382	正片	120万平顶山开餐饮，游客讽刺早晚倒闭。勇哥在线保证绝对行！@勇哥餐饮原创	BV1d3E16TEDi	116736707790790	39063258074	https://www.bilibili.com/video/BV1d3E16TEDi/
383	正片	大姐相信躺赚被薅50万，又做起开店美梦！勇哥：开了再亏30万！@勇哥餐饮原创	BV1JjJ564EPc	116737596983422	39068304989	https://www.bilibili.com/video/BV1JjJ564EPc/
384	正片	姑娘16万接盘姨妈热饮，起早贪黑仅赚百元！@勇哥餐饮原创	BV1g6Jj6UEcW	116740247782938	39077283777	https://www.bilibili.com/video/BV1g6Jj6UEcW/
385	正片	20万开咖啡超市+山姆代购，把店搞成四不像。@勇哥餐饮原创	BV1a6JE64E7m	116741422253247	39082987113	https://www.bilibili.com/video/BV1a6JE64E7m/
386	正片	信佛老哥190万开黄牛肉，取名“载物”！月亏2万怎么办？@勇哥餐饮原创	BV1RJJH6qEn9	116741556406203	39083966646	https://www.bilibili.com/video/BV1RJJH6qEn9/
387	正片	被川妹子伤过的男人，开糖水只为证明自己！@勇哥餐饮原创	BV1PrJH6WEY5	116743401964685	39103565464	https://www.bilibili.com/video/BV1PrJH6WEY5/
388	正片	200万开西餐厅，20个员工月亏十几万！勇哥：看谁不顺眼就开谁！@勇哥餐饮原创	BV1eHJc61EZN	116746270804914	39103365922	https://www.bilibili.com/video/BV1eHJc61EZN/
389	正片	9万开哩厚吃货铺，守着好位置日亏18块！就这招牌谁知道是卖啥的？@勇哥餐饮原创	BV1qEJA6xERb	116746874785165	39106711118	https://www.bilibili.com/video/BV1qEJA6xERb/
390	正片	年租金60万的店开餐饮，勇哥：马云来了也不行！@勇哥餐饮原创	BV1ZBJw6XEuu	116747646534752	39111101819	https://www.bilibili.com/video/BV1ZBJw6XEuu/
391	正片	爱喝酒的姑娘开吨吨桶，刚开业2天4万投入就打水漂？@勇哥餐饮原创	BV14CJA6uEFq	116748753830959	39117653702	https://www.bilibili.com/video/BV14CJA6uEFq/
392	正片	破农房开漂亮饭！砸17万来装修，房东大爷做梦都能笑醒！@勇哥餐饮原创	BV1SKJu6ZEzR	116751924725578	39127353934	https://www.bilibili.com/video/BV1SKJu6ZEzR/
393	正片	加盟蜜雪被骗8万，录音证据确凿！租位置又踩坑！@勇哥餐饮原创	BV1rxJ36XEUL	116752344156198	39129580118	https://www.bilibili.com/video/BV1rxJ36XEUL/
394	正片	4个冤种30万开米线，没开业就倒闭！勇哥：就是懒  @勇哥餐饮原创	BV1gtJg6YEqw	116753183016729	39134234421	https://www.bilibili.com/video/BV1gtJg6YEqw/
395	正片	大姐赚钱后飘了！去新疆开火锅每天挂0蛋，心急如焚找勇哥 @勇哥餐饮原创	BV1PyJG68EBn	116753636001317	39137249628	https://www.bilibili.com/video/BV1PyJG68EBn/
396	正片	14年西餐厅老店，巅峰时月销250万，如今月亏6万错在哪？@勇哥餐饮原创	BV1KrjN6BEnS	116754625924515	39142818555	https://www.bilibili.com/video/BV1KrjN6BEnS/
397	正片	亲妈坑儿系列～28万开煮夫糖水，开业四十多天就要没？@勇哥餐饮原创	BV1gWjg6xEeC	116757712994815	39153239455	https://www.bilibili.com/video/BV1gWjg6xEeC/
398	正片	私密火锅店，1千平全是包间！年亏200多万！@勇哥餐饮原创	BV1PVju6VEFX	116758417508448	39156649444	https://www.bilibili.com/video/BV1PVju6VEFX/
399	正片	玄学心灵日咖夜酒！姑娘把兴趣当生意，不撞南墙不回头！@勇哥餐饮原创	BV19njG6NEMK	116758853780725	39159464471	https://www.bilibili.com/video/BV19njG6NEMK/
400	正片	400万开陕西菜，我命由我不由天！年亏180万！@勇哥餐饮原创	BV1zhjV67Exo	116760162470586	39167001925	https://www.bilibili.com/video/BV1zhjV67Exo/
401	正片	宝妈本负债80万，加盟自助酒馆，30天才卖100块！@勇哥餐饮原创	BV1iiLD6yEHb	116763534559049	39178273905	https://www.bilibili.com/video/BV1iiLD6yEHb/
402	正片	超能力拿下绝佳商铺，勇哥：恭喜发财，干啥都能赚！@勇哥餐饮原创	BV164LD6DEuf	116763970766908	39180896610	https://www.bilibili.com/video/BV164LD6DEuf/
403	正片	破产姐妹为了改变命运，负债开奶茶！月亏1万2，负债60万！@勇哥餐饮原创	BV18XLX6rEjt	116764457305476	39184502284	https://www.bilibili.com/video/BV18XLX6rEjt/
404	正片	宝妈背着老公开辅食店，没钱装修了才告知！孩子干妈会每月充值1万5。@勇哥餐饮原创	BV1aDLR6DEf4	116765380052387	39191580510	https://www.bilibili.com/video/BV1aDLR6DEf4/
405	正片	1000万开火锅，店里全是蛀虫，月亏40万！勇哥：一个不留！@勇哥餐饮原创	BV159Lf6KEQQ	116769104727381	39205471258	https://www.bilibili.com/video/BV159Lf6KEQQ/
406	正片	在古茗和幸运咖中间开（蜜城之恋）勇哥：这28万必亏！@勇哥餐饮原创	BV1r4jw6nEEc	116769574422510	39207832329	https://www.bilibili.com/video/BV1r4jw6nEEc/
407	正片	史上最牛烤鱼店！整个楼层全倒闭！8年老店到底有多好吃？（江苏）@勇哥餐饮原创	BV1NRjF6WEo5	116770312554363	39212942316	https://www.bilibili.com/video/BV1NRjF6WEo5/
408	正片	南通最牛烤鱼后续，这破天的流量彻底爆了！老板娘感谢勇哥粉丝的大力支持！@勇哥餐饮原创	BV1tf7c6YErH	116791737059386	39304235256	https://www.bilibili.com/video/BV1tf7c6YErH/
409	正片	南通最牛烤鱼后续：把厨师累到跑路！收到差评气的老板娘睡不着！ @勇哥餐饮原创	BV1Y67b6JEJV	116808849819224	39387661384	https://www.bilibili.com/video/BV1Y67b6JEJV/
410	正片	80万开演绎酒吧，每月硬亏12万！老板和店长全是酒蒙子，问啥都不知道！  @勇哥餐饮原创	BV1M1ja6SEa6	116771604400310	39221397089	https://www.bilibili.com/video/BV1M1ja6SEa6/
411	正片	垃圾位置也敢要15万！开餐酒吧，用妹子钓翘嘴！@勇哥餐饮原创	BV1qHjz6JE3W	116776067270902	39238698926	https://www.bilibili.com/video/BV1qHjz6JE3W/
412	正片	老6弟弟的餐饮梦，10万开糖水，刚开业就送给家中姐妹。@勇哥餐饮原创	BV1aMjB6uEtP	116776872447453	39243485123	https://www.bilibili.com/video/BV1aMjB6uEtP/
413	正片	独一无二的位置，医院里卖咖啡，年赚70万！@勇哥餐饮原创	BV1LQjk6xEN1	116780009786185	39254298273	https://www.bilibili.com/video/BV1LQjk6xEN1/
414	正片	天上掉馅饼！年销140万的蜜雪，35万就能拿下！@勇哥餐饮原创	BV1znjE6bEMe	116780680873842	39256984622	https://www.bilibili.com/video/BV1znjE6bEMe/
415	正片	投60万卖玉米糖水，月亏2万坚持不住啦！ @勇哥餐饮原创	BV1cCjH63EEG	116782761248743	39268845834	https://www.bilibili.com/video/BV1cCjH63EEG/
416	正片	考公大楼上开健身餐吧，勇哥痛批都是幻想！@勇哥餐饮原创	BV1zej46QEnL	116785948919892	39279067450	https://www.bilibili.com/video/BV1zej46QEnL/
417	正片	姑娘要砸17万开杂牌咖啡，12元的冰美式能吸引学生？@勇哥餐饮原创	BV1zBjb6oEri	116786737448872	39282936575	https://www.bilibili.com/video/BV1zBjb6oEri/
418	正片	19.8的自助快餐，全是给老板上课的！月亏2万怎么救？@勇哥餐饮原创	BV1tCj86VErX	116787979029388	39289684675	https://www.bilibili.com/video/BV1tCj86VErX/
419	正片	敢和老乡鸡PK，负债60万还看不清自己，勇哥怒喷犟种！ @勇哥餐饮原创	BV1fp7P6REjB	116792240507498	39307380788	https://www.bilibili.com/video/BV1fp7P6REjB/
420	正片	吃着火锅唱着歌，就把钱亏没啦！既可怜，又可恨！@勇哥餐饮原创	BV12K7P6iEyK	116792760536043	39310920755	https://www.bilibili.com/video/BV12K7P6iEyK/
421	正片	刚赚钱就要开分店，这也太飘了吧！还是上来忽悠人的？@勇哥餐饮原创	BV1Js7K6wEYF	116793062460135	39313343541	https://www.bilibili.com/video/BV1Js7K6wEYF/
422	正片	80万加盟烤肉，6个月全亏光！这下钩子不痒了吧！@勇哥餐饮原创	BV1Up7N6CEdi	116794001984784	39318849106	https://www.bilibili.com/video/BV1Up7N6CEdi/
423	正片	犟种的三文鱼发财梦！勇哥团队齐上阵，劝到心力交瘁！@勇哥餐饮原创	BV1Xrj16fEaC	116797407757599	39332479952	https://www.bilibili.com/video/BV1Xrj16fEaC/
424	正片	令人窒息的神人！让媳妇负债开奶茶，近40万打水漂！让人血压飙升！@勇哥餐饮原创	BV1HWj16GE2b	116797609150281	39333529523	https://www.bilibili.com/video/BV1HWj16GE2b/
425	正片	找不到真蜜雪，33万开“逃亡奶茶”，刚开业就要关门大吉！@勇哥餐饮原创	BV1fhjm65EdY	116798632496491	39339820597	https://www.bilibili.com/video/BV1fhjm65EdY/
426	正片	骚年！来爽一把游戏烧烤，免费玩PS5！@勇哥餐饮原创	BV1aWj26cE1M	116799370692687	39344278714	https://www.bilibili.com/video/BV1aWj26cE1M/
427	正片	放弃国企工作，偏要加盟快餐！到底是怎么想的？ @勇哥餐饮原创	BV1fuj266Ebg	116799320427893	39343886011	https://www.bilibili.com/video/BV1fuj266Ebg/
428	正片	仙女开烘焙天天亏，好闺蜜还在捧杀！勇哥让其闭嘴！@勇哥餐饮原创	BV1sGjR6rEyo	116802894040366	39357581577	https://www.bilibili.com/video/BV1sGjR6rEyo/
429	正片	刚结束连麦，就把勇哥挂小红薯！ @勇哥餐饮原创	BV1sYj96MEbt	116802994636232	39358367022	https://www.bilibili.com/video/BV1sYj96MEbt/
430	正片	20万开糖水只卖80块，半个月就要亏光！附近蜜雪老板看其可怜 推荐勇哥 @勇哥餐饮原创	BV1YEjd6xE4D	116804252929542	39366102902	https://www.bilibili.com/video/BV1YEjd6xE4D/
431	正片	虽然勇哥说服了我，但我就是想开！三文鱼の创业幻想 @勇哥餐饮原创	BV1bWj965ELr	116803430846149	39360597167	https://www.bilibili.com/video/BV1bWj965ELr/
432	正片	小伙宁愿睡地板，也要当老板！勇哥看好邀他入职  @勇哥餐饮原创	BV1eZjd6fEmb	116805762942223	39376457147	https://www.bilibili.com/video/BV1eZjd6fEmb/
433	正片	宝妈加盟山东奶茶，8个月赔光18万！勇哥表示心累无奈  @勇哥餐饮原创	BV16s7b68E1s	116808682045711	39386549738	https://www.bilibili.com/video/BV16s7b68E1s/
434	正片	勇哥爆笑吃瓜！生意保不住，还要被女友甩？为什么被同行摸黑？ @勇哥餐饮原创	BV1HT7a6zE4q	116809386690471	39391006464	https://www.bilibili.com/video/BV1HT7a6zE4q/
435	正片	刷小红薯加盟奶茶，20天赔光20万！勇哥质问不吱声   @勇哥餐饮原创	BV1ws7h6uE99	116809856517495	39394413350	https://www.bilibili.com/video/BV1ws7h6uE99/
436	正片	小伙要和老乡鸡、必胜客PK，老子打的就是精锐！@勇哥餐饮原创	BV1Mv7a6nEHD	116811165074856	39403193940	https://www.bilibili.com/video/BV1Mv7a6nEHD/
437	正片	混音师梦碎北京！开烤肉赔光300万！勇哥：神仙来了也难救！@勇哥餐饮原创	BV1Kt7q6hEAr	116814403145109	39415840812	https://www.bilibili.com/video/BV1Kt7q6hEAr/
438	正片	恭喜小伙发财，捡漏好位置！勇哥在线支招更上一层楼 @勇哥餐饮原创	BV1NK7V6tEw4	116814772178273	39417941857	https://www.bilibili.com/video/BV1NK7V6tEw4/
439	正片	姐妹加盟奶茶赔光40万！想要维权只喊口号！极致烧脑的一家人 @勇哥餐饮原创	BV11b756hEse	116815678211690	39424101938	https://www.bilibili.com/video/BV11b756hEse/
440	正片	大孝子白嫖老爹，勇哥：让老爹干19个小时！土豆粉店就赚钱了！@勇哥餐饮原创	BV1cc7j6bEW5	116817087498051	39432160992	https://www.bilibili.com/video/BV1cc7j6bEW5/
441	正片	不听劝阻硬要接盘，两口子梦碎水果捞！@勇哥餐饮原创	BV1sq7E6rEpe	116819469798182	39440418722	https://www.bilibili.com/video/BV1sq7E6rEpe/
442	正片	臭水沟上开农家乐，月房租100块！大家看看能不能干？ @勇哥餐饮原创	BV1u97H6tERd	116821617347343	39453133645	https://www.bilibili.com/video/BV1u97H6tERd/
443	正片	加盟小火锅 钱给完了，心慌找勇哥认可，说了不能干，被对方质疑太年轻！@勇哥餐饮原创	BV1Q97W6NEph	116822389033873	39457918313	https://www.bilibili.com/video/BV1Q97W6NEph/
444	正片	30万开糖水店，不知道把钱花那了？ @勇哥餐饮原创	BV1ETTT6TEKS	116825660654567	39470042785	https://www.bilibili.com/video/BV1ETTT6TEKS/
445	正片	因为爱吃，姑娘投10万开糖水，啥都不懂就敢创业！@勇哥餐饮原创	BV178TM6gEeT	116826700777310	39475875194	https://www.bilibili.com/video/BV178TM6gEeT/
446	正片	为了家里蹲女儿，负债开咖啡店20天亏光！@勇哥餐饮原创	BV1eVLi6PERQ	116616213824179	38518524322	https://www.bilibili.com/video/BV1eVLi6PERQ/
447	正片	一家人没有一个清醒的！妈妈催儿子加盟山东火锅，半年时间全亏光25万！ @勇哥餐饮原创	BV1ZX96BmER3	116481291652342	37907598681	https://www.bilibili.com/video/BV1ZX96BmER3/
448	正片	i人专属火锅，日亏2.5万！气的勇哥直吸氧。（重庆i你老己火锅）@勇哥餐饮原创	BV1fDGk6HE7c	116644735160204	38643174252	https://www.bilibili.com/video/BV1fDGk6HE7c/
449	正片	香港1百平店+装修700万！只为开家米线店？ @勇哥餐饮原创	BV1Ug9zB4E4k	116480200935234	37900454893	https://www.bilibili.com/video/BV1Ug9zB4E4k/
450	正片	负债5万凑18万开店，被餐饮博主推荐开杂牌，每天倒亏500  @勇哥餐饮	BV1h1596GEA7	116571972372428	38326241977	https://www.bilibili.com/video/BV1h1596GEA7/
451	正片	负债15万加盟快餐，对方保证半年回本，结果每月亏损1万8！ @勇哥餐饮原创	BV1n8RsB3EF1	116526069843615	38125374309	https://www.bilibili.com/video/BV1n8RsB3EF1/
452	正片	奶茶大厦旁边的漂亮饭，25万开店日亏30块。有卧龙的地方必有凤雏！@勇哥餐饮原创	BV1HMR5B2ETt	116503001369462	38027919455	https://www.bilibili.com/video/BV1HMR5B2ETt/
453	正片	30万开杂酱面+刨冰，位置差月亏1.5万。老大姐不甘心还想要拯救一下。。。   @勇哥餐饮原创	BV1eR9sBcEzB	116488639940486	37951506254	https://www.bilibili.com/video/BV1eR9sBcEzB/
454	正片	负债90万的工程老板，还要负债10万开果汁轻食。勇哥打碎老板餐饮创业梦。  @勇哥餐饮原创	BV1kT9hB4E6p	116491659773867	37964484501	https://www.bilibili.com/video/BV1kT9hB4E6p/
455	正片	韭菜嫂子30万加盟糖葫芦，带冤种表弟发财，一口气连开四家店！勇哥：等亏光再找我们。@勇哥餐饮原创	BV1htofBtEAN	116469094482024	37837868480	https://www.bilibili.com/video/BV1htofBtEAN/
456	正片	60万开奶茶漂亮饭，打造网红打卡点，东西太贵没复购，每天亏700块怎么改？  @勇哥餐饮原创	BV1oBZFBzEgE	116470403105289	37846125331	https://www.bilibili.com/video/BV1oBZFBzEgE/
457	正片	2000平超大院子改烧烤大排档，投30万需日销4500才能不亏本。（山西）@勇哥餐饮原创	BV1tDovBsE8Y	116470990308885	37850582718	https://www.bilibili.com/video/BV1tDovBsE8Y/
458	正片	负债50万干餐饮，不听劝告老婆以泪洗面。最后每月亏损3万山穷水尽，勇哥也无能为力。  @勇哥餐饮原创	BV1jroDB2EaV	116463457337952	37805752840	https://www.bilibili.com/video/BV1jroDB2EaV/
459	正片	30万加盟小火锅，没人认知亏损60万！房子也抵押了， 能借的都借遍了，夫妻二人的天塌了。  @勇哥餐饮原创	BV1sAo7BeEeC	116459313433575	37782818282	https://www.bilibili.com/video/BV1sAo7BeEeC/
460	正片	犟种30万开咖啡简餐，认为自己强的可怕！勇哥直言啥都不懂，直接把钱捐了。  @勇哥餐饮原创	BV1qtoYBaEYQ	116453223236241	37748737136	https://www.bilibili.com/video/BV1qtoYBaEYQ/
461	正片	小伙摆摊卖汉堡，刚赚点钱就要抵押房子开店！是深思熟虑还是飘了？ @勇哥餐饮原创	BV1fToVB5Emm	116457669198917	37771021780	https://www.bilibili.com/video/BV1fToVB5Emm/
462	正片	宝妈2年前不听勇哥劝，偏要20万开蛋糕店，一分钱没赚到还嘴硬说没亏！连线勇哥观看新位置，装修又被坑。  @勇哥餐饮原创	BV1TwoMBVErw	116454498239149	37756273450	https://www.bilibili.com/video/BV1TwoMBVErw/
463	正片	宝妈搞服装亏了100万，为了奋斗又开麻辣烫，开业后每月亏1万。 这是越努力越亏钱啊！ @勇哥餐饮原创	BV1Mzd1BSEyd	116440338400943	37679990642	https://www.bilibili.com/video/BV1Mzd1BSEyd/
464	正片	躺平父亲为了向儿子证明自己，要砸40万开奶茶，还想加盟图书！ @勇哥餐饮原创	BV1w1oPBtEQV	116435170953146	37656200572	https://www.bilibili.com/video/BV1w1oPBtEQV/
465	正片	韭菜成精啦！70万加盟火锅，总部全程代管每天亏80块。  @勇哥餐饮原创	BV14NdfBJEaK	116430372604743	37634903866	https://www.bilibili.com/video/BV14NdfBJEaK/
466	正片	投54万在医院里开奶茶烘焙店，开业即倒闭！ 勇次郎：就说老婆跑了，赶紧往外转。  @勇哥餐饮原创	BV1WodSBXEj8	116442083098810	37690477937	https://www.bilibili.com/video/BV1WodSBXEj8/
467	正片	小伙被老阿姨魅惑，从海南跑到云南花16万接手亏钱店铺。每天亏4百气的勇哥扇自己！ @勇哥餐饮原创	BV1RgdqBiEWR	116418259520172	37572971624	https://www.bilibili.com/video/BV1RgdqBiEWR/
468	正片	19岁小伙开火锅，自认为选址完美。勇哥回应辣鸡位置，开了必亏！小伙偏要要试一试。@勇哥餐饮原创	BV1judjB2EBX	116420658595766	37587848192	https://www.bilibili.com/video/BV1judjB2EBX/
469	正片	豆包推荐加盟派乐汉堡，先从建房开始搞起！ 勇哥成功截流加盟。 @勇哥餐饮原创	BV15xdpBFEES	116425205221975	37609210635	https://www.bilibili.com/video/BV15xdpBFEES/
470	正片	上海姑娘开拌饭，开业一年赔光35万！ @勇哥餐饮原创	BV1a3QJBME2K	116407807312063	37524407204	https://www.bilibili.com/video/BV1a3QJBME2K/
471	正片	犟种的发财梦，加盟烧烤以为能日销过万，还能年入百万？这是被赚钱蒙蔽了双眼。                @勇哥餐饮原创	BV1zEQnBHErY	116408948097195	37530373779	https://www.bilibili.com/video/BV1zEQnBHErY/
472	正片	大姐加盟24小时自助小酒馆，每天只卖1块钱！2个月亏光！（大姐自愿爆出为民除害）@勇哥餐饮原创	BV1g4QxBHEjv	116394771351401	37460577534	https://www.bilibili.com/video/BV1g4QxBHEjv/
473	正片	中医馆里卖中药馒头，每天挂0蛋！白天做好晚上倒垃圾桶  @勇哥餐饮原创	BV1MUQsBEESN	116395258022430	37463000610	https://www.bilibili.com/video/BV1MUQsBEESN/
474	正片	退伍小伙从云南跑到成都加盟云南米线！勇哥:你脑袋里装的是泡菜吗？ 还和在西Z工作的媳妇分居两地。@勇哥餐饮原创	BV12WdWBJEz1	116426379625023	37616551010	https://www.bilibili.com/video/BV12WdWBJEz1/
475	正片	姐弟羊入虎口，到快招圣地加盟小罐酸奶，投26万换来月亏2W，化身房东打工仔！ @勇哥餐饮原创	BV1CqQGBTE3B	116403529123512	37504749192	https://www.bilibili.com/video/BV1CqQGBTE3B/
476	正片	打工变接盘侠！3万接手烧饼加盟，总投12万硬开一年彻底凉了！ @勇哥餐饮原创	BV1RZQxBFErD	116396583289870	37470604119	https://www.bilibili.com/video/BV1RZQxBFErD/
477	正片	180万开水帘洞火锅后续：又要加盟福鹿家！还迷上了王者荣耀里面的种菜！@勇哥餐饮原创	BV17doLBnEZx	116460051695510	37787927200	https://www.bilibili.com/video/BV17doLBnEZx/
478	正片	砸180万开水帘洞火锅，太花哨像妖精洞！女老板太懒要勇哥帮忙运营  @勇哥餐饮原创	BV1x6DyBhEkk	116386785396332	37426170229	https://www.bilibili.com/video/BV1x6DyBhEkk/
479	正片	60万开漂亮饭月亏1.5万，9个员工倒清闲。勇哥：先砍掉7个店员！@勇哥餐饮原创	BV1mdDCBhEUy	116385191559810	37416733362	https://www.bilibili.com/video/BV1mdDCBhEUy/
480	正片	200W开龙虎象火锅，年租金13万，月销70W才能保本！800平米的店居然没有停车位。@勇哥餐饮原创	BV16C9LB2Emg	116327494714529	37140892553	https://www.bilibili.com/video/BV16C9LB2Emg/
481	正片	心理医生有点犟，非要50万加盟汉堡！勇哥真的劝不住。 @勇哥餐饮原创	BV1yTDvBAE7t	116362794108466	37311742103	https://www.bilibili.com/video/BV1yTDvBAE7t/
482	正片	这位姑娘有点犟，要在上海开三文鱼刺身，勇哥有点劝不动。 @勇哥餐饮原创	BV1wT9JBZE7P	116329289876589	37151377416	https://www.bilibili.com/video/BV1wT9JBZE7P/
483	正片	人到中年负债几十万，开理发小吃店。又想加入咖啡！理发时间喝咖啡。 @勇哥餐饮原创	BV1a19TBVE11	116338903223283	37197972461	https://www.bilibili.com/video/BV1a19TBVE11/
484	正片	犟种转店被套路，勇哥：你真是个猪啊！不撞南墙不回头。真的劝不住，这钱是非亏不可吗？ @勇哥餐饮原创	BV11K9cB1Eeh	116334675363059	37175363351	https://www.bilibili.com/video/BV11K9cB1Eeh/
485	正片	80万加盟杂牌奶茶，总部早已失联，大姐苦苦坚持每天只赚2块钱！@勇哥餐饮原创	BV1BCQYBXEzZ	116400995696763	37490002851	https://www.bilibili.com/video/BV1BCQYBXEzZ/
486	正片	老哥60万开奶茶，称6年0闭店率！没想到每个月亏2万7！开业5个月就要洗白  @勇哥餐饮原创	BV1SMDXBsENB	116392355432252	37453105391	https://www.bilibili.com/video/BV1SMDXBsENB/
487	正片	30万开米线店，每月亏2万多！位置选在宵夜一条街！老板真是“人才”  @勇哥餐饮原创	BV1bjXZBGEKn	116334390214747	37174247901	https://www.bilibili.com/video/BV1bjXZBGEKn/
488	正片	22万自营咖啡店，每月还能亏1万5！勇次郎给快招道歉：有没有你们他们都要亏钱。 （补档） @勇哥餐饮原创	BV1iRSoB1EYd	116356754178729	37284481385	https://www.bilibili.com/video/BV1iRSoB1EYd/
489	正片	小伙子真是大好人！11万接下朋友亏钱酒馆，自以为有能力改善经营。 @勇哥餐饮原创	BV1XxdCBSECF	116437771421403	37671798411	https://www.bilibili.com/video/BV1XxdCBSECF/
490	正片	小伙的砂锅菜开业前心虚了，对周围数据一问三不知，听亲戚说地方好就敢开！11万的投入会不会血本无归？ @勇哥餐饮原创	BV19H97BzEN3	116328568456966	37146788899	https://www.bilibili.com/video/BV19H97BzEN3/
491	正片	三孩宝妈负债加盟奶茶，差点被割15万！勇哥成功截流。@勇哥餐饮原创	BV1i5RcBPExG	116511205229657	38067308025	https://www.bilibili.com/video/BV1i5RcBPExG/
492	正片	老哥要在城中村开熟食店，可这房子“有点危”。@勇哥餐饮	BV185XUBQEYu	116310247737462	37061657997	https://www.bilibili.com/video/BV185XUBQEYu/
493	正片	旧锅炉房里开私房菜！老哥预算20万能不能开？ @勇哥餐饮原创	BV18wXMBBE3w	116301557141351	37025350537	https://www.bilibili.com/video/BV18wXMBBE3w/
494	正片	小伙化身沸羊羊6万投入只为追对方！她不一样只占股0投入）—勇哥餐饮	BV1cukLBDEsv	115926217263573	25949181484	https://www.bilibili.com/video/BV1cukLBDEsv/
495	正片	在韩国开东北菜馆，每月只赚1.5万，还没有出去打工赚的多。 @勇哥餐饮原创	BV1FwoFB3EbL	116431899329188	37643616451	https://www.bilibili.com/video/BV1FwoFB3EbL/
496	正片	鸡公煲要求退费，可把勇哥气坏了！@勇哥餐饮原创	BV1BWEg6GEsE	116713991506589	38957878543	https://www.bilibili.com/video/BV1BWEg6GEsE/
497	正片	学员找茬勇哥，不听建议又嫌生意不好！气的勇哥直接挂麦@勇哥餐饮原创	BV1GMET6dELu	116711894355380	38945292325	https://www.bilibili.com/video/BV1GMET6dELu/
498	正片	鸡公煲亏20万后不甘心，又砸十几万开新店！开业后接着亏才想起找勇哥。 @勇哥餐饮原创	BV1hr5M67E1c	116560094037890	38275714458	https://www.bilibili.com/video/BV1hr5M67E1c/
499	正片	勇哥：直播广告费1秒钟1块钱，想把自己给优化了！@勇哥餐饮原创	BV1QgED6VEav	116722967315107	38997723911	https://www.bilibili.com/video/BV1QgED6VEav/
500	正片	穷人的钱好骗不好赚，穷人思维和富人思维（勇哥餐饮）	BV1DvwTzbE8w	116232233683715	36714250380	https://www.bilibili.com/video/BV1DvwTzbE8w/
501	正片	不要看人拉屎钩子痒，每天起床先撒泡尿照一照  @勇哥餐饮原创	BV1KZXGB2E7J	116304761588950	37036754055	https://www.bilibili.com/video/BV1KZXGB2E7J/
502	正片	快招公司最严厉的父亲住院。 @勇哥餐饮原创	BV11o5Y6VEDF	116576653150745	38344853879	https://www.bilibili.com/video/BV11o5Y6VEDF/
503	正片	突发斗音官方来电，勇哥：到底哪里违规了？ 对方最后直接挂断电话！ @勇哥餐饮原创	BV1Ek756QExT	116815795586754	39425344633	https://www.bilibili.com/video/BV1Ek756QExT/
504	正片	那么多害人的快招他们不管，却封了勇哥的小黄车！@勇哥餐饮原创	BV1Ur7V6YEY7	116816198239126	26029594536	https://www.bilibili.com/video/BV1Ur7V6YEY7/
